ISO-10303-21;
HEADER;
FILE_DESCRIPTION(('KiCad electronic assembly'),'2;1');
FILE_NAME('project macropad githubready.step','2026-09-11T17:14:27',(
    'Pcbnew'),('Kicad'),'Open CASCADE STEP processor 7.9',
  'KiCad to STEP converter','Unknown');
FILE_SCHEMA(('AUTOMOTIVE_DESIGN { 1 0 10303 214 1 1 1 1 }'));
ENDSEC;
DATA;
#1 = APPLICATION_PROTOCOL_DEFINITION('international standard',
  'automotive_design',2000,#2);
#2 = APPLICATION_CONTEXT(
  'core data for automotive mechanical design processes');
#3 = SHAPE_DEFINITION_REPRESENTATION(#4,#10);
#4 = PRODUCT_DEFINITION_SHAPE('','',#5);
#5 = PRODUCT_DEFINITION('design','',#6,#9);
#6 = PRODUCT_DEFINITION_FORMATION('','',#7);
#7 = PRODUCT('project macropad githubready 1',
  'project macropad githubready 1','',(#8));
#8 = PRODUCT_CONTEXT('',#2,'mechanical');
#9 = PRODUCT_DEFINITION_CONTEXT('part definition',#2,'design');
#10 = SHAPE_REPRESENTATION('',(#11,#15,#19,#23,#27,#31,#35,#39,#43,#47),
  #51);
#11 = AXIS2_PLACEMENT_3D('',#12,#13,#14);
#12 = CARTESIAN_POINT('',(0.,0.,0.));
#13 = DIRECTION('',(0.,0.,1.));
#14 = DIRECTION('',(1.,0.,-0.));
#15 = AXIS2_PLACEMENT_3D('',#16,#17,#18);
#16 = CARTESIAN_POINT('',(123.38,-144.,1.595));
#17 = DIRECTION('',(0.,0.,1.));
#18 = DIRECTION('',(1.,0.,0.));
#19 = AXIS2_PLACEMENT_3D('',#20,#21,#22);
#20 = CARTESIAN_POINT('',(164.69,-144.,1.595));
#21 = DIRECTION('',(0.,0.,1.));
#22 = DIRECTION('',(1.,0.,0.));
#23 = AXIS2_PLACEMENT_3D('',#24,#25,#26);
#24 = CARTESIAN_POINT('',(122.96,-106.,1.595));
#25 = DIRECTION('',(0.,0.,1.));
#26 = DIRECTION('',(1.,0.,0.));
#27 = AXIS2_PLACEMENT_3D('',#28,#29,#30);
#28 = CARTESIAN_POINT('',(122.88,-125.,1.595));
#29 = DIRECTION('',(0.,0.,1.));
#30 = DIRECTION('',(1.,0.,0.));
#31 = AXIS2_PLACEMENT_3D('',#32,#33,#34);
#32 = CARTESIAN_POINT('',(143.26,-143.99,1.595));
#33 = DIRECTION('',(0.,0.,1.));
#34 = DIRECTION('',(1.,0.,0.));
#35 = AXIS2_PLACEMENT_3D('',#36,#37,#38);
#36 = CARTESIAN_POINT('',(164.27,-125.,1.595));
#37 = DIRECTION('',(0.,0.,1.));
#38 = DIRECTION('',(1.,0.,0.));
#39 = AXIS2_PLACEMENT_3D('',#40,#41,#42);
#40 = CARTESIAN_POINT('',(144.23,-124.864,1.595));
#41 = DIRECTION('',(0.,0.,1.));
#42 = DIRECTION('',(1.,0.,0.));
#43 = AXIS2_PLACEMENT_3D('',#44,#45,#46);
#44 = CARTESIAN_POINT('',(163.69,-106.,1.595));
#45 = DIRECTION('',(0.,0.,1.));
#46 = DIRECTION('',(1.,0.,0.));
#47 = AXIS2_PLACEMENT_3D('',#48,#49,#50);
#48 = CARTESIAN_POINT('',(0.,0.,0.));
#49 = DIRECTION('',(0.,0.,1.));
#50 = DIRECTION('',(1.,0.,-0.));
#51 = ( GEOMETRIC_REPRESENTATION_CONTEXT(3) 
GLOBAL_UNCERTAINTY_ASSIGNED_CONTEXT((#55)) GLOBAL_UNIT_ASSIGNED_CONTEXT(
(#52,#53,#54)) REPRESENTATION_CONTEXT('Context #1',
  '3D Context with UNIT and UNCERTAINTY') );
#52 = ( LENGTH_UNIT() NAMED_UNIT(*) SI_UNIT(.MILLI.,.METRE.) );
#53 = ( NAMED_UNIT(*) PLANE_ANGLE_UNIT() SI_UNIT($,.RADIAN.) );
#54 = ( NAMED_UNIT(*) SI_UNIT($,.STERADIAN.) SOLID_ANGLE_UNIT() );
#55 = UNCERTAINTY_MEASURE_WITH_UNIT(LENGTH_MEASURE(1.E-07),#52,
  'distance_accuracy_value','confusion accuracy');
#56 = PRODUCT_RELATED_PRODUCT_CATEGORY('part',$,(#7));
#57 = SHAPE_DEFINITION_REPRESENTATION(#58,#64);
#58 = PRODUCT_DEFINITION_SHAPE('','',#59);
#59 = PRODUCT_DEFINITION('design','',#60,#63);
#60 = PRODUCT_DEFINITION_FORMATION('','',#61);
#61 = PRODUCT('D_DO-35_SOD27_P7.62mm_Horizontal',
  'D_DO-35_SOD27_P7.62mm_Horizontal','',(#62));
#62 = PRODUCT_CONTEXT('',#2,'mechanical');
#63 = PRODUCT_DEFINITION_CONTEXT('part definition',#2,'design');
#64 = SHAPE_REPRESENTATION('',(#11,#65),#69);
#65 = AXIS2_PLACEMENT_3D('',#66,#67,#68);
#66 = CARTESIAN_POINT('',(0.,0.,0.));
#67 = DIRECTION('',(0.,0.,1.));
#68 = DIRECTION('',(1.,0.,-0.));
#69 = ( GEOMETRIC_REPRESENTATION_CONTEXT(3) 
GLOBAL_UNCERTAINTY_ASSIGNED_CONTEXT((#73)) GLOBAL_UNIT_ASSIGNED_CONTEXT(
(#70,#71,#72)) REPRESENTATION_CONTEXT('Context #1',
  '3D Context with UNIT and UNCERTAINTY') );
#70 = ( LENGTH_UNIT() NAMED_UNIT(*) SI_UNIT(.MILLI.,.METRE.) );
#71 = ( NAMED_UNIT(*) PLANE_ANGLE_UNIT() SI_UNIT($,.RADIAN.) );
#72 = ( NAMED_UNIT(*) SI_UNIT($,.STERADIAN.) SOLID_ANGLE_UNIT() );
#73 = UNCERTAINTY_MEASURE_WITH_UNIT(LENGTH_MEASURE(1.E-07),#70,
  'distance_accuracy_value','confusion accuracy');
#74 = CONTEXT_DEPENDENT_SHAPE_REPRESENTATION(#75,#77);
#75 = ( REPRESENTATION_RELATIONSHIP('','',#64,#10) 
REPRESENTATION_RELATIONSHIP_WITH_TRANSFORMATION(#76) 
SHAPE_REPRESENTATION_RELATIONSHIP() );
#76 = ITEM_DEFINED_TRANSFORMATION('','',#11,#15);
#77 = PRODUCT_DEFINITION_SHAPE('Placement','Placement of an item',#78);
#78 = NEXT_ASSEMBLY_USAGE_OCCURRENCE('2','D4','',#5,#59,$);
#79 = PRODUCT_RELATED_PRODUCT_CATEGORY('part',$,(#61));
#80 = SHAPE_DEFINITION_REPRESENTATION(#81,#87);
#81 = PRODUCT_DEFINITION_SHAPE('','',#82);
#82 = PRODUCT_DEFINITION('design','',#83,#86);
#83 = PRODUCT_DEFINITION_FORMATION('','',#84);
#84 = PRODUCT('D_DO-35_SOD27_P7.62mm_Horizontal',
  'D_DO-35_SOD27_P7.62mm_Horizontal','',(#85));
#85 = PRODUCT_CONTEXT('',#2,'mechanical');
#86 = PRODUCT_DEFINITION_CONTEXT('part definition',#2,'design');
#87 = SHAPE_REPRESENTATION('',(#11,#88,#243),#438);
#88 = MANIFOLD_SOLID_BREP('',#89);
#89 = CLOSED_SHELL('',(#90,#123,#149,#174,#200,#225,#234));
#90 = ADVANCED_FACE('',(#91),#118,.T.);
#91 = FACE_BOUND('',#92,.T.);
#92 = EDGE_LOOP('',(#93,#103,#110,#111));
#93 = ORIENTED_EDGE('',*,*,#94,.T.);
#94 = EDGE_CURVE('',#95,#97,#99,.T.);
#95 = VERTEX_POINT('',#96);
#96 = CARTESIAN_POINT('',(0.25,0.,-2.5));
#97 = VERTEX_POINT('',#98);
#98 = CARTESIAN_POINT('',(0.25,1.E-15,1.));
#99 = LINE('',#100,#101);
#100 = CARTESIAN_POINT('',(0.25,6.7E-16,1.));
#101 = VECTOR('',#102,1.);
#102 = DIRECTION('',(0.,2.2E-16,1.));
#103 = ORIENTED_EDGE('',*,*,#104,.F.);
#104 = EDGE_CURVE('',#97,#97,#105,.T.);
#105 = CIRCLE('',#106,0.25);
#106 = AXIS2_PLACEMENT_3D('',#107,#108,#109);
#107 = CARTESIAN_POINT('',(0.,6.7E-16,1.));
#108 = DIRECTION('',(-0.,2.2E-16,1.));
#109 = DIRECTION('',(1.,0.,0.));
#110 = ORIENTED_EDGE('',*,*,#94,.F.);
#111 = ORIENTED_EDGE('',*,*,#112,.T.);
#112 = EDGE_CURVE('',#95,#95,#113,.T.);
#113 = CIRCLE('',#114,0.25);
#114 = AXIS2_PLACEMENT_3D('',#115,#116,#117);
#115 = CARTESIAN_POINT('',(0.,-1.1E-16,-2.5));
#116 = DIRECTION('',(-0.,2.2E-16,1.));
#117 = DIRECTION('',(1.,0.,0.));
#118 = CYLINDRICAL_SURFACE('',#119,0.25);
#119 = AXIS2_PLACEMENT_3D('',#120,#121,#122);
#120 = CARTESIAN_POINT('',(0.,6.7E-16,1.));
#121 = DIRECTION('',(0.,2.2E-16,1.));
#122 = DIRECTION('',(1.,0.,-0.));
#123 = ADVANCED_FACE('',(#124),#144,.T.);
#124 = FACE_BOUND('',#125,.T.);
#125 = EDGE_LOOP('',(#126,#135,#142,#143));
#126 = ORIENTED_EDGE('',*,*,#127,.T.);
#127 = EDGE_CURVE('',#97,#128,#130,.T.);
#128 = VERTEX_POINT('',#129);
#129 = CARTESIAN_POINT('',(0.5,1.E-15,1.25));
#130 = CIRCLE('',#131,0.25);
#131 = AXIS2_PLACEMENT_3D('',#132,#133,#134);
#132 = CARTESIAN_POINT('',(0.5,7.6E-16,1.));
#133 = DIRECTION('',(0.,1.,-2.2E-16));
#134 = DIRECTION('',(1.,0.,0.));
#135 = ORIENTED_EDGE('',*,*,#136,.T.);
#136 = EDGE_CURVE('',#128,#128,#137,.T.);
#137 = CIRCLE('',#138,0.25);
#138 = AXIS2_PLACEMENT_3D('',#139,#140,#141);
#139 = CARTESIAN_POINT('',(0.5,7.8E-16,1.5));
#140 = DIRECTION('',(-1.,0.,-1.8E-16));
#141 = DIRECTION('',(-1.8E-16,2.2E-16,1.));
#142 = ORIENTED_EDGE('',*,*,#127,.F.);
#143 = ORIENTED_EDGE('',*,*,#104,.T.);
#144 = TOROIDAL_SURFACE('',#145,0.5,0.25);
#145 = AXIS2_PLACEMENT_3D('',#146,#147,#148);
#146 = CARTESIAN_POINT('',(0.5,6.7E-16,1.));
#147 = DIRECTION('',(0.,1.,-2.2E-16));
#148 = DIRECTION('',(1.,0.,0.));
#149 = ADVANCED_FACE('',(#150),#169,.T.);
#150 = FACE_BOUND('',#151,.T.);
#151 = EDGE_LOOP('',(#152,#160,#167,#168));
#152 = ORIENTED_EDGE('',*,*,#153,.T.);
#153 = EDGE_CURVE('',#128,#154,#156,.T.);
#154 = VERTEX_POINT('',#155);
#155 = CARTESIAN_POINT('',(7.12,1.E-15,1.25));
#156 = LINE('',#157,#158);
#157 = CARTESIAN_POINT('',(0.5,7.2E-16,1.25));
#158 = VECTOR('',#159,1.);
#159 = DIRECTION('',(1.,0.,0.));
#160 = ORIENTED_EDGE('',*,*,#161,.F.);
#161 = EDGE_CURVE('',#154,#154,#162,.T.);
#162 = CIRCLE('',#163,0.25);
#163 = AXIS2_PLACEMENT_3D('',#164,#165,#166);
#164 = CARTESIAN_POINT('',(7.12,7.8E-16,1.5));
#165 = DIRECTION('',(1.,0.,0.));
#166 = DIRECTION('',(0.,-2.2E-16,-1.));
#167 = ORIENTED_EDGE('',*,*,#153,.F.);
#168 = ORIENTED_EDGE('',*,*,#136,.F.);
#169 = CYLINDRICAL_SURFACE('',#170,0.25);
#170 = AXIS2_PLACEMENT_3D('',#171,#172,#173);
#171 = CARTESIAN_POINT('',(0.5,7.8E-16,1.5));
#172 = DIRECTION('',(1.,0.,0.));
#173 = DIRECTION('',(0.,-2.2E-16,-1.));
#174 = ADVANCED_FACE('',(#175),#195,.T.);
#175 = FACE_BOUND('',#176,.T.);
#176 = EDGE_LOOP('',(#177,#186,#193,#194));
#177 = ORIENTED_EDGE('',*,*,#178,.T.);
#178 = EDGE_CURVE('',#154,#179,#181,.T.);
#179 = VERTEX_POINT('',#180);
#180 = CARTESIAN_POINT('',(7.37,1.E-15,1.));
#181 = CIRCLE('',#182,0.25);
#182 = AXIS2_PLACEMENT_3D('',#183,#184,#185);
#183 = CARTESIAN_POINT('',(7.12,7.6E-16,1.));
#184 = DIRECTION('',(0.,1.,-2.2E-16));
#185 = DIRECTION('',(1.,0.,0.));
#186 = ORIENTED_EDGE('',*,*,#187,.T.);
#187 = EDGE_CURVE('',#179,#179,#188,.T.);
#188 = CIRCLE('',#189,0.25);
#189 = AXIS2_PLACEMENT_3D('',#190,#191,#192);
#190 = CARTESIAN_POINT('',(7.62,6.7E-16,1.));
#191 = DIRECTION('',(-2.4E-16,2.2E-16,1.));
#192 = DIRECTION('',(1.,0.,2.4E-16));
#193 = ORIENTED_EDGE('',*,*,#178,.F.);
#194 = ORIENTED_EDGE('',*,*,#161,.T.);
#195 = TOROIDAL_SURFACE('',#196,0.5,0.25);
#196 = AXIS2_PLACEMENT_3D('',#197,#198,#199);
#197 = CARTESIAN_POINT('',(7.12,6.7E-16,1.));
#198 = DIRECTION('',(0.,1.,-2.2E-16));
#199 = DIRECTION('',(1.,0.,0.));
#200 = ADVANCED_FACE('',(#201),#220,.T.);
#201 = FACE_BOUND('',#202,.T.);
#202 = EDGE_LOOP('',(#203,#211,#218,#219));
#203 = ORIENTED_EDGE('',*,*,#204,.T.);
#204 = EDGE_CURVE('',#179,#205,#207,.T.);
#205 = VERTEX_POINT('',#206);
#206 = CARTESIAN_POINT('',(7.37,0.,-2.5));
#207 = LINE('',#208,#209);
#208 = CARTESIAN_POINT('',(7.37,6.7E-16,1.));
#209 = VECTOR('',#210,1.);
#210 = DIRECTION('',(0.,-2.2E-16,-1.));
#211 = ORIENTED_EDGE('',*,*,#212,.F.);
#212 = EDGE_CURVE('',#205,#205,#213,.T.);
#213 = CIRCLE('',#214,0.25);
#214 = AXIS2_PLACEMENT_3D('',#215,#216,#217);
#215 = CARTESIAN_POINT('',(7.62,-1.1E-16,-2.5));
#216 = DIRECTION('',(-0.,-2.2E-16,-1.));
#217 = DIRECTION('',(-1.,0.,0.));
#218 = ORIENTED_EDGE('',*,*,#204,.F.);
#219 = ORIENTED_EDGE('',*,*,#187,.F.);
#220 = CYLINDRICAL_SURFACE('',#221,0.25);
#221 = AXIS2_PLACEMENT_3D('',#222,#223,#224);
#222 = CARTESIAN_POINT('',(7.62,6.7E-16,1.));
#223 = DIRECTION('',(0.,-2.2E-16,-1.));
#224 = DIRECTION('',(-1.,-0.,0.));
#225 = ADVANCED_FACE('',(#226),#229,.T.);
#226 = FACE_BOUND('',#227,.F.);
#227 = EDGE_LOOP('',(#228));
#228 = ORIENTED_EDGE('',*,*,#112,.T.);
#229 = PLANE('',#230);
#230 = AXIS2_PLACEMENT_3D('',#231,#232,#233);
#231 = CARTESIAN_POINT('',(0.25,-1.1E-16,-2.5));
#232 = DIRECTION('',(0.,0.,-1.));
#233 = DIRECTION('',(-1.,0.,0.));
#234 = ADVANCED_FACE('',(#235),#238,.F.);
#235 = FACE_BOUND('',#236,.T.);
#236 = EDGE_LOOP('',(#237));
#237 = ORIENTED_EDGE('',*,*,#212,.T.);
#238 = PLANE('',#239);
#239 = AXIS2_PLACEMENT_3D('',#240,#241,#242);
#240 = CARTESIAN_POINT('',(7.37,-1.1E-16,-2.5));
#241 = DIRECTION('',(0.,0.,1.));
#242 = DIRECTION('',(1.,0.,-0.));
#243 = MANIFOLD_SOLID_BREP('',#244);
#244 = CLOSED_SHELL('',(#245,#278,#298,#318,#343,#368,#394,#420,#429));
#245 = ADVANCED_FACE('',(#246),#273,.T.);
#246 = FACE_BOUND('',#247,.T.);
#247 = EDGE_LOOP('',(#248,#257,#265,#272));
#248 = ORIENTED_EDGE('',*,*,#249,.T.);
#249 = EDGE_CURVE('',#250,#250,#252,.T.);
#250 = VERTEX_POINT('',#251);
#251 = CARTESIAN_POINT('',(2.41,3.557331958362E-15,2.51));
#252 = CIRCLE('',#253,1.01);
#253 = AXIS2_PLACEMENT_3D('',#254,#255,#256);
#254 = CARTESIAN_POINT('',(2.41,6.630669073875E-16,1.5));
#255 = DIRECTION('',(1.,0.,-0.));
#256 = DIRECTION('',(0.,9.92044604925E-16,1.));
#257 = ORIENTED_EDGE('',*,*,#258,.T.);
#258 = EDGE_CURVE('',#250,#259,#261,.T.);
#259 = VERTEX_POINT('',#260);
#260 = CARTESIAN_POINT('',(3.41,3.557331958362E-15,2.51));
#261 = LINE('',#262,#263);
#262 = CARTESIAN_POINT('',(2.41,5.573319583618E-16,2.51));
#263 = VECTOR('',#264,1.);
#264 = DIRECTION('',(1.,0.,0.));
#265 = ORIENTED_EDGE('',*,*,#266,.F.);
#266 = EDGE_CURVE('',#259,#259,#267,.T.);
#267 = CIRCLE('',#268,1.01);
#268 = AXIS2_PLACEMENT_3D('',#269,#270,#271);
#269 = CARTESIAN_POINT('',(3.41,6.630669073875E-16,1.5));
#270 = DIRECTION('',(1.,0.,-0.));
#271 = DIRECTION('',(0.,9.92044604925E-16,1.));
#272 = ORIENTED_EDGE('',*,*,#258,.F.);
#273 = CYLINDRICAL_SURFACE('',#274,1.01);
#274 = AXIS2_PLACEMENT_3D('',#275,#276,#277);
#275 = CARTESIAN_POINT('',(2.41,6.630669073875E-16,1.5));
#276 = DIRECTION('',(1.,0.,0.));
#277 = DIRECTION('',(-0.,9.92044604925E-16,1.));
#278 = ADVANCED_FACE('',(#279,#282),#293,.F.);
#279 = FACE_BOUND('',#280,.T.);
#280 = EDGE_LOOP('',(#281));
#281 = ORIENTED_EDGE('',*,*,#249,.F.);
#282 = FACE_BOUND('',#283,.T.);
#283 = EDGE_LOOP('',(#284));
#284 = ORIENTED_EDGE('',*,*,#285,.T.);
#285 = EDGE_CURVE('',#286,#286,#288,.T.);
#286 = VERTEX_POINT('',#287);
#287 = CARTESIAN_POINT('',(2.41,5.551115123126E-16,2.5));
#288 = CIRCLE('',#289,1.);
#289 = AXIS2_PLACEMENT_3D('',#290,#291,#292);
#290 = CARTESIAN_POINT('',(2.41,6.630669073875E-16,1.5));
#291 = DIRECTION('',(1.,0.,-0.));
#292 = DIRECTION('',(0.,1.002044604925E-15,1.));
#293 = PLANE('',#294);
#294 = AXIS2_PLACEMENT_3D('',#295,#296,#297);
#295 = CARTESIAN_POINT('',(2.41,6.630669073875E-16,1.5));
#296 = DIRECTION('',(1.,0.,0.));
#297 = DIRECTION('',(-0.,1.002044604925E-15,1.));
#298 = ADVANCED_FACE('',(#299,#302),#313,.T.);
#299 = FACE_BOUND('',#300,.T.);
#300 = EDGE_LOOP('',(#301));
#301 = ORIENTED_EDGE('',*,*,#266,.T.);
#302 = FACE_BOUND('',#303,.T.);
#303 = EDGE_LOOP('',(#304));
#304 = ORIENTED_EDGE('',*,*,#305,.F.);
#305 = EDGE_CURVE('',#306,#306,#308,.T.);
#306 = VERTEX_POINT('',#307);
#307 = CARTESIAN_POINT('',(3.41,5.551115123126E-16,2.5));
#308 = CIRCLE('',#309,1.);
#309 = AXIS2_PLACEMENT_3D('',#310,#311,#312);
#310 = CARTESIAN_POINT('',(3.41,6.630669073875E-16,1.5));
#311 = DIRECTION('',(1.,0.,-0.));
#312 = DIRECTION('',(0.,1.002044604925E-15,1.));
#313 = PLANE('',#314);
#314 = AXIS2_PLACEMENT_3D('',#315,#316,#317);
#315 = CARTESIAN_POINT('',(3.41,6.630669073875E-16,1.5));
#316 = DIRECTION('',(1.,0.,0.));
#317 = DIRECTION('',(-0.,9.92044604925E-16,1.));
#318 = ADVANCED_FACE('',(#319),#338,.T.);
#319 = FACE_BOUND('',#320,.T.);
#320 = EDGE_LOOP('',(#321,#330,#336,#337));
#321 = ORIENTED_EDGE('',*,*,#322,.T.);
#322 = EDGE_CURVE('',#323,#323,#325,.T.);
#323 = VERTEX_POINT('',#324);
#324 = CARTESIAN_POINT('',(2.21,3.555111512313E-15,2.5));
#325 = CIRCLE('',#326,1.);
#326 = AXIS2_PLACEMENT_3D('',#327,#328,#329);
#327 = CARTESIAN_POINT('',(2.21,6.630669073875E-16,1.5));
#328 = DIRECTION('',(1.,0.,-0.));
#329 = DIRECTION('',(0.,1.002044604925E-15,1.));
#330 = ORIENTED_EDGE('',*,*,#331,.T.);
#331 = EDGE_CURVE('',#323,#286,#332,.T.);
#332 = LINE('',#333,#334);
#333 = CARTESIAN_POINT('',(1.81,5.551115123126E-16,2.5));
#334 = VECTOR('',#335,1.);
#335 = DIRECTION('',(1.,0.,0.));
#336 = ORIENTED_EDGE('',*,*,#285,.F.);
#337 = ORIENTED_EDGE('',*,*,#331,.F.);
#338 = CYLINDRICAL_SURFACE('',#339,1.);
#339 = AXIS2_PLACEMENT_3D('',#340,#341,#342);
#340 = CARTESIAN_POINT('',(1.81,6.630669073875E-16,1.5));
#341 = DIRECTION('',(1.,0.,0.));
#342 = DIRECTION('',(-0.,1.002044604925E-15,1.));
#343 = ADVANCED_FACE('',(#344),#363,.T.);
#344 = FACE_BOUND('',#345,.T.);
#345 = EDGE_LOOP('',(#346,#347,#355,#362));
#346 = ORIENTED_EDGE('',*,*,#305,.T.);
#347 = ORIENTED_EDGE('',*,*,#348,.T.);
#348 = EDGE_CURVE('',#306,#349,#351,.T.);
#349 = VERTEX_POINT('',#350);
#350 = CARTESIAN_POINT('',(5.41,3.555111512313E-15,2.5));
#351 = LINE('',#352,#353);
#352 = CARTESIAN_POINT('',(1.81,5.551115123126E-16,2.5));
#353 = VECTOR('',#354,1.);
#354 = DIRECTION('',(1.,0.,0.));
#355 = ORIENTED_EDGE('',*,*,#356,.F.);
#356 = EDGE_CURVE('',#349,#349,#357,.T.);
#357 = CIRCLE('',#358,1.);
#358 = AXIS2_PLACEMENT_3D('',#359,#360,#361);
#359 = CARTESIAN_POINT('',(5.41,6.630669073875E-16,1.5));
#360 = DIRECTION('',(1.,0.,-0.));
#361 = DIRECTION('',(0.,1.002044604925E-15,1.));
#362 = ORIENTED_EDGE('',*,*,#348,.F.);
#363 = CYLINDRICAL_SURFACE('',#364,1.);
#364 = AXIS2_PLACEMENT_3D('',#365,#366,#367);
#365 = CARTESIAN_POINT('',(1.81,6.630669073875E-16,1.5));
#366 = DIRECTION('',(1.,0.,0.));
#367 = DIRECTION('',(-0.,1.002044604925E-15,1.));
#368 = ADVANCED_FACE('',(#369),#389,.T.);
#369 = FACE_BOUND('',#370,.T.);
#370 = EDGE_LOOP('',(#371,#380,#387,#388));
#371 = ORIENTED_EDGE('',*,*,#372,.T.);
#372 = EDGE_CURVE('',#373,#373,#375,.T.);
#373 = VERTEX_POINT('',#374);
#374 = CARTESIAN_POINT('',(1.81,1.466293670343E-15,2.1));
#375 = CIRCLE('',#376,0.6);
#376 = AXIS2_PLACEMENT_3D('',#377,#378,#379);
#377 = CARTESIAN_POINT('',(1.81,6.630669073875E-16,1.5));
#378 = DIRECTION('',(1.,0.,-0.));
#379 = DIRECTION('',(0.,1.002044604925E-15,1.));
#380 = ORIENTED_EDGE('',*,*,#381,.F.);
#381 = EDGE_CURVE('',#323,#373,#382,.T.);
#382 = CIRCLE('',#383,0.4);
#383 = AXIS2_PLACEMENT_3D('',#384,#385,#386);
#384 = CARTESIAN_POINT('',(2.21,1.266293670343E-15,2.1));
#385 = DIRECTION('',(0.,-1.,1.002044604925E-15));
#386 = DIRECTION('',(0.,1.002044604925E-15,1.));
#387 = ORIENTED_EDGE('',*,*,#322,.F.);
#388 = ORIENTED_EDGE('',*,*,#381,.T.);
#389 = TOROIDAL_SURFACE('',#390,0.6,0.4);
#390 = AXIS2_PLACEMENT_3D('',#391,#392,#393);
#391 = CARTESIAN_POINT('',(2.21,6.630669073875E-16,1.5));
#392 = DIRECTION('',(-1.,0.,0.));
#393 = DIRECTION('',(0.,1.002044604925E-15,1.));
#394 = ADVANCED_FACE('',(#395),#415,.T.);
#395 = FACE_BOUND('',#396,.T.);
#396 = EDGE_LOOP('',(#397,#398,#407,#414));
#397 = ORIENTED_EDGE('',*,*,#356,.T.);
#398 = ORIENTED_EDGE('',*,*,#399,.F.);
#399 = EDGE_CURVE('',#400,#349,#402,.T.);
#400 = VERTEX_POINT('',#401);
#401 = CARTESIAN_POINT('',(5.81,1.466293670343E-15,2.1));
#402 = CIRCLE('',#403,0.4);
#403 = AXIS2_PLACEMENT_3D('',#404,#405,#406);
#404 = CARTESIAN_POINT('',(5.41,1.266293670343E-15,2.1));
#405 = DIRECTION('',(0.,-1.,1.002044604925E-15));
#406 = DIRECTION('',(0.,1.002044604925E-15,1.));
#407 = ORIENTED_EDGE('',*,*,#408,.F.);
#408 = EDGE_CURVE('',#400,#400,#409,.T.);
#409 = CIRCLE('',#410,0.6);
#410 = AXIS2_PLACEMENT_3D('',#411,#412,#413);
#411 = CARTESIAN_POINT('',(5.81,6.630669073875E-16,1.5));
#412 = DIRECTION('',(1.,0.,-0.));
#413 = DIRECTION('',(0.,1.002044604925E-15,1.));
#414 = ORIENTED_EDGE('',*,*,#399,.T.);
#415 = TOROIDAL_SURFACE('',#416,0.6,0.4);
#416 = AXIS2_PLACEMENT_3D('',#417,#418,#419);
#417 = CARTESIAN_POINT('',(5.41,6.630669073875E-16,1.5));
#418 = DIRECTION('',(-1.,0.,0.));
#419 = DIRECTION('',(0.,1.002044604925E-15,1.));
#420 = ADVANCED_FACE('',(#421),#424,.F.);
#421 = FACE_BOUND('',#422,.T.);
#422 = EDGE_LOOP('',(#423));
#423 = ORIENTED_EDGE('',*,*,#372,.F.);
#424 = PLANE('',#425);
#425 = AXIS2_PLACEMENT_3D('',#426,#427,#428);
#426 = CARTESIAN_POINT('',(1.81,6.630669073875E-16,1.5));
#427 = DIRECTION('',(1.,0.,0.));
#428 = DIRECTION('',(-0.,1.002044604925E-15,1.));
#429 = ADVANCED_FACE('',(#430),#433,.T.);
#430 = FACE_BOUND('',#431,.F.);
#431 = EDGE_LOOP('',(#432));
#432 = ORIENTED_EDGE('',*,*,#408,.F.);
#433 = PLANE('',#434);
#434 = AXIS2_PLACEMENT_3D('',#435,#436,#437);
#435 = CARTESIAN_POINT('',(5.81,6.630669073875E-16,1.5));
#436 = DIRECTION('',(1.,0.,0.));
#437 = DIRECTION('',(-0.,1.002044604925E-15,1.));
#438 = ( GEOMETRIC_REPRESENTATION_CONTEXT(3) 
GLOBAL_UNCERTAINTY_ASSIGNED_CONTEXT((#442)) GLOBAL_UNIT_ASSIGNED_CONTEXT
((#439,#440,#441)) REPRESENTATION_CONTEXT('Context #1',
  '3D Context with UNIT and UNCERTAINTY') );
#439 = ( LENGTH_UNIT() NAMED_UNIT(*) SI_UNIT(.MILLI.,.METRE.) );
#440 = ( NAMED_UNIT(*) PLANE_ANGLE_UNIT() SI_UNIT($,.RADIAN.) );
#441 = ( NAMED_UNIT(*) SI_UNIT($,.STERADIAN.) SOLID_ANGLE_UNIT() );
#442 = UNCERTAINTY_MEASURE_WITH_UNIT(LENGTH_MEASURE(1.E-07),#439,
  'distance_accuracy_value','confusion accuracy');
#443 = CONTEXT_DEPENDENT_SHAPE_REPRESENTATION(#444,#446);
#444 = ( REPRESENTATION_RELATIONSHIP('','',#87,#64) 
REPRESENTATION_RELATIONSHIP_WITH_TRANSFORMATION(#445) 
SHAPE_REPRESENTATION_RELATIONSHIP() );
#445 = ITEM_DEFINED_TRANSFORMATION('','',#11,#65);
#446 = PRODUCT_DEFINITION_SHAPE('Placement','Placement of an item',#447
  );
#447 = NEXT_ASSEMBLY_USAGE_OCCURRENCE('1','=>[0:1:1:3]','',#59,#82,$);
#448 = PRODUCT_RELATED_PRODUCT_CATEGORY('part',$,(#84));
#449 = CONTEXT_DEPENDENT_SHAPE_REPRESENTATION(#450,#452);
#450 = ( REPRESENTATION_RELATIONSHIP('','',#64,#10) 
REPRESENTATION_RELATIONSHIP_WITH_TRANSFORMATION(#451) 
SHAPE_REPRESENTATION_RELATIONSHIP() );
#451 = ITEM_DEFINED_TRANSFORMATION('','',#11,#19);
#452 = PRODUCT_DEFINITION_SHAPE('Placement','Placement of an item',#453
  );
#453 = NEXT_ASSEMBLY_USAGE_OCCURRENCE('3','D3','',#5,#59,$);
#454 = CONTEXT_DEPENDENT_SHAPE_REPRESENTATION(#455,#457);
#455 = ( REPRESENTATION_RELATIONSHIP('','',#64,#10) 
REPRESENTATION_RELATIONSHIP_WITH_TRANSFORMATION(#456) 
SHAPE_REPRESENTATION_RELATIONSHIP() );
#456 = ITEM_DEFINED_TRANSFORMATION('','',#11,#23);
#457 = PRODUCT_DEFINITION_SHAPE('Placement','Placement of an item',#458
  );
#458 = NEXT_ASSEMBLY_USAGE_OCCURRENCE('4','D6','',#5,#59,$);
#459 = CONTEXT_DEPENDENT_SHAPE_REPRESENTATION(#460,#462);
#460 = ( REPRESENTATION_RELATIONSHIP('','',#64,#10) 
REPRESENTATION_RELATIONSHIP_WITH_TRANSFORMATION(#461) 
SHAPE_REPRESENTATION_RELATIONSHIP() );
#461 = ITEM_DEFINED_TRANSFORMATION('','',#11,#27);
#462 = PRODUCT_DEFINITION_SHAPE('Placement','Placement of an item',#463
  );
#463 = NEXT_ASSEMBLY_USAGE_OCCURRENCE('5','D5','',#5,#59,$);
#464 = CONTEXT_DEPENDENT_SHAPE_REPRESENTATION(#465,#467);
#465 = ( REPRESENTATION_RELATIONSHIP('','',#64,#10) 
REPRESENTATION_RELATIONSHIP_WITH_TRANSFORMATION(#466) 
SHAPE_REPRESENTATION_RELATIONSHIP() );
#466 = ITEM_DEFINED_TRANSFORMATION('','',#11,#31);
#467 = PRODUCT_DEFINITION_SHAPE('Placement','Placement of an item',#468
  );
#468 = NEXT_ASSEMBLY_USAGE_OCCURRENCE('6','D8','',#5,#59,$);
#469 = CONTEXT_DEPENDENT_SHAPE_REPRESENTATION(#470,#472);
#470 = ( REPRESENTATION_RELATIONSHIP('','',#64,#10) 
REPRESENTATION_RELATIONSHIP_WITH_TRANSFORMATION(#471) 
SHAPE_REPRESENTATION_RELATIONSHIP() );
#471 = ITEM_DEFINED_TRANSFORMATION('','',#11,#35);
#472 = PRODUCT_DEFINITION_SHAPE('Placement','Placement of an item',#473
  );
#473 = NEXT_ASSEMBLY_USAGE_OCCURRENCE('7','D2','',#5,#59,$);
#474 = CONTEXT_DEPENDENT_SHAPE_REPRESENTATION(#475,#477);
#475 = ( REPRESENTATION_RELATIONSHIP('','',#64,#10) 
REPRESENTATION_RELATIONSHIP_WITH_TRANSFORMATION(#476) 
SHAPE_REPRESENTATION_RELATIONSHIP() );
#476 = ITEM_DEFINED_TRANSFORMATION('','',#11,#39);
#477 = PRODUCT_DEFINITION_SHAPE('Placement','Placement of an item',#478
  );
#478 = NEXT_ASSEMBLY_USAGE_OCCURRENCE('8','D7','',#5,#59,$);
#479 = CONTEXT_DEPENDENT_SHAPE_REPRESENTATION(#480,#482);
#480 = ( REPRESENTATION_RELATIONSHIP('','',#64,#10) 
REPRESENTATION_RELATIONSHIP_WITH_TRANSFORMATION(#481) 
SHAPE_REPRESENTATION_RELATIONSHIP() );
#481 = ITEM_DEFINED_TRANSFORMATION('','',#11,#43);
#482 = PRODUCT_DEFINITION_SHAPE('Placement','Placement of an item',#483
  );
#483 = NEXT_ASSEMBLY_USAGE_OCCURRENCE('9','D1','',#5,#59,$);
#484 = SHAPE_DEFINITION_REPRESENTATION(#485,#491);
#485 = PRODUCT_DEFINITION_SHAPE('','',#486);
#486 = PRODUCT_DEFINITION('design','',#487,#490);
#487 = PRODUCT_DEFINITION_FORMATION('','',#488);
#488 = PRODUCT('pro566B_PCB','pro566B_PCB','',(#489));
#489 = PRODUCT_CONTEXT('',#2,'mechanical');
#490 = PRODUCT_DEFINITION_CONTEXT('part definition',#2,'design');
#491 = ADVANCED_BREP_SHAPE_REPRESENTATION('',(#11,#492),#2826);
#492 = MANIFOLD_SOLID_BREP('',#493);
#493 = CLOSED_SHELL('',(#494,#534,#565,#596,#1229,#1862,#1874,#1891,
    #1908,#1925,#1942,#1959,#1976,#1993,#2010,#2027,#2044,#2061,#2078,
    #2095,#2112,#2129,#2146,#2163,#2180,#2197,#2214,#2231,#2248,#2265,
    #2282,#2299,#2316,#2333,#2350,#2367,#2384,#2401,#2418,#2435,#2452,
    #2469,#2486,#2503,#2520,#2537,#2554,#2571,#2588,#2605,#2622,#2639,
    #2656,#2673,#2690,#2707,#2724,#2741,#2758,#2775,#2792,#2809));
#494 = ADVANCED_FACE('',(#495),#529,.T.);
#495 = FACE_BOUND('',#496,.T.);
#496 = EDGE_LOOP('',(#497,#507,#515,#523));
#497 = ORIENTED_EDGE('',*,*,#498,.T.);
#498 = EDGE_CURVE('',#499,#501,#503,.T.);
#499 = VERTEX_POINT('',#500);
#500 = CARTESIAN_POINT('',(178.,-162.5,0.));
#501 = VERTEX_POINT('',#502);
#502 = CARTESIAN_POINT('',(178.,-162.5,1.51));
#503 = LINE('',#504,#505);
#504 = CARTESIAN_POINT('',(178.,-162.5,0.));
#505 = VECTOR('',#506,1.);
#506 = DIRECTION('',(0.,0.,1.));
#507 = ORIENTED_EDGE('',*,*,#508,.T.);
#508 = EDGE_CURVE('',#501,#509,#511,.T.);
#509 = VERTEX_POINT('',#510);
#510 = CARTESIAN_POINT('',(116.,-162.5,1.51));
#511 = LINE('',#512,#513);
#512 = CARTESIAN_POINT('',(178.,-162.5,1.51));
#513 = VECTOR('',#514,1.);
#514 = DIRECTION('',(-1.,0.,0.));
#515 = ORIENTED_EDGE('',*,*,#516,.F.);
#516 = EDGE_CURVE('',#517,#509,#519,.T.);
#517 = VERTEX_POINT('',#518);
#518 = CARTESIAN_POINT('',(116.,-162.5,0.));
#519 = LINE('',#520,#521);
#520 = CARTESIAN_POINT('',(116.,-162.5,0.));
#521 = VECTOR('',#522,1.);
#522 = DIRECTION('',(0.,0.,1.));
#523 = ORIENTED_EDGE('',*,*,#524,.F.);
#524 = EDGE_CURVE('',#499,#517,#525,.T.);
#525 = LINE('',#526,#527);
#526 = CARTESIAN_POINT('',(178.,-162.5,0.));
#527 = VECTOR('',#528,1.);
#528 = DIRECTION('',(-1.,0.,0.));
#529 = PLANE('',#530);
#530 = AXIS2_PLACEMENT_3D('',#531,#532,#533);
#531 = CARTESIAN_POINT('',(178.,-162.5,0.));
#532 = DIRECTION('',(0.,-1.,0.));
#533 = DIRECTION('',(-1.,0.,0.));
#534 = ADVANCED_FACE('',(#535),#560,.T.);
#535 = FACE_BOUND('',#536,.T.);
#536 = EDGE_LOOP('',(#537,#547,#553,#554));
#537 = ORIENTED_EDGE('',*,*,#538,.T.);
#538 = EDGE_CURVE('',#539,#541,#543,.T.);
#539 = VERTEX_POINT('',#540);
#540 = CARTESIAN_POINT('',(178.,-99.5,0.));
#541 = VERTEX_POINT('',#542);
#542 = CARTESIAN_POINT('',(178.,-99.5,1.51));
#543 = LINE('',#544,#545);
#544 = CARTESIAN_POINT('',(178.,-99.5,0.));
#545 = VECTOR('',#546,1.);
#546 = DIRECTION('',(0.,0.,1.));
#547 = ORIENTED_EDGE('',*,*,#548,.T.);
#548 = EDGE_CURVE('',#541,#501,#549,.T.);
#549 = LINE('',#550,#551);
#550 = CARTESIAN_POINT('',(178.,-99.5,1.51));
#551 = VECTOR('',#552,1.);
#552 = DIRECTION('',(0.,-1.,0.));
#553 = ORIENTED_EDGE('',*,*,#498,.F.);
#554 = ORIENTED_EDGE('',*,*,#555,.F.);
#555 = EDGE_CURVE('',#539,#499,#556,.T.);
#556 = LINE('',#557,#558);
#557 = CARTESIAN_POINT('',(178.,-99.5,0.));
#558 = VECTOR('',#559,1.);
#559 = DIRECTION('',(0.,-1.,0.));
#560 = PLANE('',#561);
#561 = AXIS2_PLACEMENT_3D('',#562,#563,#564);
#562 = CARTESIAN_POINT('',(178.,-99.5,0.));
#563 = DIRECTION('',(1.,0.,-0.));
#564 = DIRECTION('',(0.,-1.,0.));
#565 = ADVANCED_FACE('',(#566),#591,.T.);
#566 = FACE_BOUND('',#567,.T.);
#567 = EDGE_LOOP('',(#568,#569,#577,#585));
#568 = ORIENTED_EDGE('',*,*,#516,.T.);
#569 = ORIENTED_EDGE('',*,*,#570,.T.);
#570 = EDGE_CURVE('',#509,#571,#573,.T.);
#571 = VERTEX_POINT('',#572);
#572 = CARTESIAN_POINT('',(116.,-99.5,1.51));
#573 = LINE('',#574,#575);
#574 = CARTESIAN_POINT('',(116.,-162.5,1.51));
#575 = VECTOR('',#576,1.);
#576 = DIRECTION('',(0.,1.,0.));
#577 = ORIENTED_EDGE('',*,*,#578,.F.);
#578 = EDGE_CURVE('',#579,#571,#581,.T.);
#579 = VERTEX_POINT('',#580);
#580 = CARTESIAN_POINT('',(116.,-99.5,0.));
#581 = LINE('',#582,#583);
#582 = CARTESIAN_POINT('',(116.,-99.5,0.));
#583 = VECTOR('',#584,1.);
#584 = DIRECTION('',(0.,0.,1.));
#585 = ORIENTED_EDGE('',*,*,#586,.F.);
#586 = EDGE_CURVE('',#517,#579,#587,.T.);
#587 = LINE('',#588,#589);
#588 = CARTESIAN_POINT('',(116.,-162.5,0.));
#589 = VECTOR('',#590,1.);
#590 = DIRECTION('',(0.,1.,0.));
#591 = PLANE('',#592);
#592 = AXIS2_PLACEMENT_3D('',#593,#594,#595);
#593 = CARTESIAN_POINT('',(116.,-162.5,0.));
#594 = DIRECTION('',(-1.,0.,0.));
#595 = DIRECTION('',(0.,1.,0.));
#596 = ADVANCED_FACE('',(#597,#608,#619,#630,#641,#652,#663,#674,#685,
    #696,#707,#718,#729,#740,#751,#762,#773,#784,#795,#806,#817,#828,
    #839,#850,#861,#872,#883,#894,#905,#916,#927,#938,#949,#960,#971,
    #982,#993,#1004,#1015,#1026,#1037,#1048,#1059,#1070,#1081,#1092,
    #1103,#1114,#1125,#1136,#1147,#1158,#1169,#1180,#1191,#1202,#1213),
  #1224,.F.);
#597 = FACE_BOUND('',#598,.F.);
#598 = EDGE_LOOP('',(#599,#600,#601,#607));
#599 = ORIENTED_EDGE('',*,*,#524,.F.);
#600 = ORIENTED_EDGE('',*,*,#555,.F.);
#601 = ORIENTED_EDGE('',*,*,#602,.F.);
#602 = EDGE_CURVE('',#579,#539,#603,.T.);
#603 = LINE('',#604,#605);
#604 = CARTESIAN_POINT('',(116.,-99.5,0.));
#605 = VECTOR('',#606,1.);
#606 = DIRECTION('',(1.,0.,0.));
#607 = ORIENTED_EDGE('',*,*,#586,.F.);
#608 = FACE_BOUND('',#609,.F.);
#609 = EDGE_LOOP('',(#610));
#610 = ORIENTED_EDGE('',*,*,#611,.T.);
#611 = EDGE_CURVE('',#612,#612,#614,.T.);
#612 = VERTEX_POINT('',#613);
#613 = CARTESIAN_POINT('',(121.61,-153.35,0.));
#614 = CIRCLE('',#615,0.85);
#615 = AXIS2_PLACEMENT_3D('',#616,#617,#618);
#616 = CARTESIAN_POINT('',(121.61,-152.5,0.));
#617 = DIRECTION('',(-0.,0.,-1.));
#618 = DIRECTION('',(-0.,-1.,0.));
#619 = FACE_BOUND('',#620,.F.);
#620 = EDGE_LOOP('',(#621));
#621 = ORIENTED_EDGE('',*,*,#622,.T.);
#622 = EDGE_CURVE('',#623,#623,#625,.T.);
#623 = VERTEX_POINT('',#624);
#624 = CARTESIAN_POINT('',(126.69,-154.5,0.));
#625 = CIRCLE('',#626,2.);
#626 = AXIS2_PLACEMENT_3D('',#627,#628,#629);
#627 = CARTESIAN_POINT('',(126.69,-152.5,0.));
#628 = DIRECTION('',(-0.,0.,-1.));
#629 = DIRECTION('',(-0.,-1.,0.));
#630 = FACE_BOUND('',#631,.F.);
#631 = EDGE_LOOP('',(#632));
#632 = ORIENTED_EDGE('',*,*,#633,.T.);
#633 = EDGE_CURVE('',#634,#634,#636,.T.);
#634 = VERTEX_POINT('',#635);
#635 = CARTESIAN_POINT('',(122.88,-150.71,0.));
#636 = CIRCLE('',#637,0.75);
#637 = AXIS2_PLACEMENT_3D('',#638,#639,#640);
#638 = CARTESIAN_POINT('',(122.88,-149.96,0.));
#639 = DIRECTION('',(-0.,0.,-1.));
#640 = DIRECTION('',(-0.,-1.,0.));
#641 = FACE_BOUND('',#642,.F.);
#642 = EDGE_LOOP('',(#643));
#643 = ORIENTED_EDGE('',*,*,#644,.T.);
#644 = EDGE_CURVE('',#645,#645,#647,.T.);
#645 = VERTEX_POINT('',#646);
#646 = CARTESIAN_POINT('',(131.77,-153.35,0.));
#647 = CIRCLE('',#648,0.85);
#648 = AXIS2_PLACEMENT_3D('',#649,#650,#651);
#649 = CARTESIAN_POINT('',(131.77,-152.5,0.));
#650 = DIRECTION('',(-0.,0.,-1.));
#651 = DIRECTION('',(3.343730521224E-14,-1.,-0.));
#652 = FACE_BOUND('',#653,.F.);
#653 = EDGE_LOOP('',(#654));
#654 = ORIENTED_EDGE('',*,*,#655,.T.);
#655 = EDGE_CURVE('',#656,#656,#658,.T.);
#656 = VERTEX_POINT('',#657);
#657 = CARTESIAN_POINT('',(123.38,-144.4,0.));
#658 = CIRCLE('',#659,0.4);
#659 = AXIS2_PLACEMENT_3D('',#660,#661,#662);
#660 = CARTESIAN_POINT('',(123.38,-144.,0.));
#661 = DIRECTION('',(-0.,0.,-1.));
#662 = DIRECTION('',(-0.,-1.,0.));
#663 = FACE_BOUND('',#664,.F.);
#664 = EDGE_LOOP('',(#665));
#665 = ORIENTED_EDGE('',*,*,#666,.T.);
#666 = EDGE_CURVE('',#667,#667,#669,.T.);
#667 = VERTEX_POINT('',#668);
#668 = CARTESIAN_POINT('',(129.23,-148.17,0.));
#669 = CIRCLE('',#670,0.75);
#670 = AXIS2_PLACEMENT_3D('',#671,#672,#673);
#671 = CARTESIAN_POINT('',(129.23,-147.42,0.));
#672 = DIRECTION('',(-0.,0.,-1.));
#673 = DIRECTION('',(-0.,-1.,0.));
#674 = FACE_BOUND('',#675,.F.);
#675 = EDGE_LOOP('',(#676));
#676 = ORIENTED_EDGE('',*,*,#677,.T.);
#677 = EDGE_CURVE('',#678,#678,#680,.T.);
#678 = VERTEX_POINT('',#679);
#679 = CARTESIAN_POINT('',(131.,-144.4,0.));
#680 = CIRCLE('',#681,0.4);
#681 = AXIS2_PLACEMENT_3D('',#682,#683,#684);
#682 = CARTESIAN_POINT('',(131.,-144.,0.));
#683 = DIRECTION('',(-0.,0.,-1.));
#684 = DIRECTION('',(-0.,-1.,0.));
#685 = FACE_BOUND('',#686,.F.);
#686 = EDGE_LOOP('',(#687));
#687 = ORIENTED_EDGE('',*,*,#688,.T.);
#688 = EDGE_CURVE('',#689,#689,#691,.T.);
#689 = VERTEX_POINT('',#690);
#690 = CARTESIAN_POINT('',(142.38,-153.43,0.));
#691 = CIRCLE('',#692,0.85);
#692 = AXIS2_PLACEMENT_3D('',#693,#694,#695);
#693 = CARTESIAN_POINT('',(142.38,-152.58,0.));
#694 = DIRECTION('',(-0.,0.,-1.));
#695 = DIRECTION('',(-0.,-1.,0.));
#696 = FACE_BOUND('',#697,.F.);
#697 = EDGE_LOOP('',(#698));
#698 = ORIENTED_EDGE('',*,*,#699,.T.);
#699 = EDGE_CURVE('',#700,#700,#702,.T.);
#700 = VERTEX_POINT('',#701);
#701 = CARTESIAN_POINT('',(143.65,-150.79,0.));
#702 = CIRCLE('',#703,0.75);
#703 = AXIS2_PLACEMENT_3D('',#704,#705,#706);
#704 = CARTESIAN_POINT('',(143.65,-150.04,0.));
#705 = DIRECTION('',(-0.,0.,-1.));
#706 = DIRECTION('',(-0.,-1.,0.));
#707 = FACE_BOUND('',#708,.F.);
#708 = EDGE_LOOP('',(#709));
#709 = ORIENTED_EDGE('',*,*,#710,.T.);
#710 = EDGE_CURVE('',#711,#711,#713,.T.);
#711 = VERTEX_POINT('',#712);
#712 = CARTESIAN_POINT('',(143.26,-144.39,0.));
#713 = CIRCLE('',#714,0.4);
#714 = AXIS2_PLACEMENT_3D('',#715,#716,#717);
#715 = CARTESIAN_POINT('',(143.26,-143.99,0.));
#716 = DIRECTION('',(-0.,0.,-1.));
#717 = DIRECTION('',(-0.,-1.,0.));
#718 = FACE_BOUND('',#719,.F.);
#719 = EDGE_LOOP('',(#720));
#720 = ORIENTED_EDGE('',*,*,#721,.T.);
#721 = EDGE_CURVE('',#722,#722,#724,.T.);
#722 = VERTEX_POINT('',#723);
#723 = CARTESIAN_POINT('',(121.61,-134.35,0.));
#724 = CIRCLE('',#725,0.85);
#725 = AXIS2_PLACEMENT_3D('',#726,#727,#728);
#726 = CARTESIAN_POINT('',(121.61,-133.5,0.));
#727 = DIRECTION('',(-0.,0.,-1.));
#728 = DIRECTION('',(-0.,-1.,0.));
#729 = FACE_BOUND('',#730,.F.);
#730 = EDGE_LOOP('',(#731));
#731 = ORIENTED_EDGE('',*,*,#732,.T.);
#732 = EDGE_CURVE('',#733,#733,#735,.T.);
#733 = VERTEX_POINT('',#734);
#734 = CARTESIAN_POINT('',(126.69,-135.5,0.));
#735 = CIRCLE('',#736,2.);
#736 = AXIS2_PLACEMENT_3D('',#737,#738,#739);
#737 = CARTESIAN_POINT('',(126.69,-133.5,0.));
#738 = DIRECTION('',(-0.,0.,-1.));
#739 = DIRECTION('',(-0.,-1.,0.));
#740 = FACE_BOUND('',#741,.F.);
#741 = EDGE_LOOP('',(#742));
#742 = ORIENTED_EDGE('',*,*,#743,.T.);
#743 = EDGE_CURVE('',#744,#744,#746,.T.);
#744 = VERTEX_POINT('',#745);
#745 = CARTESIAN_POINT('',(122.88,-131.71,0.));
#746 = CIRCLE('',#747,0.75);
#747 = AXIS2_PLACEMENT_3D('',#748,#749,#750);
#748 = CARTESIAN_POINT('',(122.88,-130.96,0.));
#749 = DIRECTION('',(-0.,0.,-1.));
#750 = DIRECTION('',(-0.,-1.,0.));
#751 = FACE_BOUND('',#752,.F.);
#752 = EDGE_LOOP('',(#753));
#753 = ORIENTED_EDGE('',*,*,#754,.T.);
#754 = EDGE_CURVE('',#755,#755,#757,.T.);
#755 = VERTEX_POINT('',#756);
#756 = CARTESIAN_POINT('',(131.77,-134.35,0.));
#757 = CIRCLE('',#758,0.85);
#758 = AXIS2_PLACEMENT_3D('',#759,#760,#761);
#759 = CARTESIAN_POINT('',(131.77,-133.5,0.));
#760 = DIRECTION('',(-0.,0.,-1.));
#761 = DIRECTION('',(3.343730521224E-14,-1.,-0.));
#762 = FACE_BOUND('',#763,.F.);
#763 = EDGE_LOOP('',(#764));
#764 = ORIENTED_EDGE('',*,*,#765,.T.);
#765 = EDGE_CURVE('',#766,#766,#768,.T.);
#766 = VERTEX_POINT('',#767);
#767 = CARTESIAN_POINT('',(142.38,-134.214,0.));
#768 = CIRCLE('',#769,0.85);
#769 = AXIS2_PLACEMENT_3D('',#770,#771,#772);
#770 = CARTESIAN_POINT('',(142.38,-133.364,0.));
#771 = DIRECTION('',(-0.,0.,-1.));
#772 = DIRECTION('',(-0.,-1.,0.));
#773 = FACE_BOUND('',#774,.F.);
#774 = EDGE_LOOP('',(#775));
#775 = ORIENTED_EDGE('',*,*,#776,.T.);
#776 = EDGE_CURVE('',#777,#777,#779,.T.);
#777 = VERTEX_POINT('',#778);
#778 = CARTESIAN_POINT('',(143.65,-131.574,0.));
#779 = CIRCLE('',#780,0.75);
#780 = AXIS2_PLACEMENT_3D('',#781,#782,#783);
#781 = CARTESIAN_POINT('',(143.65,-130.824,0.));
#782 = DIRECTION('',(-0.,0.,-1.));
#783 = DIRECTION('',(-0.,-1.,0.));
#784 = FACE_BOUND('',#785,.F.);
#785 = EDGE_LOOP('',(#786));
#786 = ORIENTED_EDGE('',*,*,#787,.T.);
#787 = EDGE_CURVE('',#788,#788,#790,.T.);
#788 = VERTEX_POINT('',#789);
#789 = CARTESIAN_POINT('',(147.46,-154.58,0.));
#790 = CIRCLE('',#791,2.);
#791 = AXIS2_PLACEMENT_3D('',#792,#793,#794);
#792 = CARTESIAN_POINT('',(147.46,-152.58,0.));
#793 = DIRECTION('',(-0.,0.,-1.));
#794 = DIRECTION('',(-0.,-1.,0.));
#795 = FACE_BOUND('',#796,.F.);
#796 = EDGE_LOOP('',(#797));
#797 = ORIENTED_EDGE('',*,*,#798,.T.);
#798 = EDGE_CURVE('',#799,#799,#801,.T.);
#799 = VERTEX_POINT('',#800);
#800 = CARTESIAN_POINT('',(152.54,-153.43,0.));
#801 = CIRCLE('',#802,0.85);
#802 = AXIS2_PLACEMENT_3D('',#803,#804,#805);
#803 = CARTESIAN_POINT('',(152.54,-152.58,0.));
#804 = DIRECTION('',(-0.,0.,-1.));
#805 = DIRECTION('',(-0.,-1.,0.));
#806 = FACE_BOUND('',#807,.F.);
#807 = EDGE_LOOP('',(#808));
#808 = ORIENTED_EDGE('',*,*,#809,.T.);
#809 = EDGE_CURVE('',#810,#810,#812,.T.);
#810 = VERTEX_POINT('',#811);
#811 = CARTESIAN_POINT('',(150.,-148.25,0.));
#812 = CIRCLE('',#813,0.75);
#813 = AXIS2_PLACEMENT_3D('',#814,#815,#816);
#814 = CARTESIAN_POINT('',(150.,-147.5,0.));
#815 = DIRECTION('',(-0.,0.,-1.));
#816 = DIRECTION('',(-0.,-1.,0.));
#817 = FACE_BOUND('',#818,.F.);
#818 = EDGE_LOOP('',(#819));
#819 = ORIENTED_EDGE('',*,*,#820,.T.);
#820 = EDGE_CURVE('',#821,#821,#823,.T.);
#821 = VERTEX_POINT('',#822);
#822 = CARTESIAN_POINT('',(150.88,-144.39,0.));
#823 = CIRCLE('',#824,0.4);
#824 = AXIS2_PLACEMENT_3D('',#825,#826,#827);
#825 = CARTESIAN_POINT('',(150.88,-143.99,0.));
#826 = DIRECTION('',(-0.,0.,-1.));
#827 = DIRECTION('',(-0.,-1.,0.));
#828 = FACE_BOUND('',#829,.F.);
#829 = EDGE_LOOP('',(#830));
#830 = ORIENTED_EDGE('',*,*,#831,.T.);
#831 = EDGE_CURVE('',#832,#832,#834,.T.);
#832 = VERTEX_POINT('',#833);
#833 = CARTESIAN_POINT('',(162.92,-153.35,0.));
#834 = CIRCLE('',#835,0.85);
#835 = AXIS2_PLACEMENT_3D('',#836,#837,#838);
#836 = CARTESIAN_POINT('',(162.92,-152.5,0.));
#837 = DIRECTION('',(-0.,0.,-1.));
#838 = DIRECTION('',(-3.343730521224E-14,-1.,0.));
#839 = FACE_BOUND('',#840,.F.);
#840 = EDGE_LOOP('',(#841));
#841 = ORIENTED_EDGE('',*,*,#842,.T.);
#842 = EDGE_CURVE('',#843,#843,#845,.T.);
#843 = VERTEX_POINT('',#844);
#844 = CARTESIAN_POINT('',(164.19,-150.71,0.));
#845 = CIRCLE('',#846,0.75);
#846 = AXIS2_PLACEMENT_3D('',#847,#848,#849);
#847 = CARTESIAN_POINT('',(164.19,-149.96,0.));
#848 = DIRECTION('',(-0.,0.,-1.));
#849 = DIRECTION('',(-0.,-1.,0.));
#850 = FACE_BOUND('',#851,.F.);
#851 = EDGE_LOOP('',(#852));
#852 = ORIENTED_EDGE('',*,*,#853,.T.);
#853 = EDGE_CURVE('',#854,#854,#856,.T.);
#854 = VERTEX_POINT('',#855);
#855 = CARTESIAN_POINT('',(168.,-154.5,0.));
#856 = CIRCLE('',#857,2.);
#857 = AXIS2_PLACEMENT_3D('',#858,#859,#860);
#858 = CARTESIAN_POINT('',(168.,-152.5,0.));
#859 = DIRECTION('',(-0.,0.,-1.));
#860 = DIRECTION('',(-0.,-1.,0.));
#861 = FACE_BOUND('',#862,.F.);
#862 = EDGE_LOOP('',(#863));
#863 = ORIENTED_EDGE('',*,*,#864,.T.);
#864 = EDGE_CURVE('',#865,#865,#867,.T.);
#865 = VERTEX_POINT('',#866);
#866 = CARTESIAN_POINT('',(173.08,-153.35,0.));
#867 = CIRCLE('',#868,0.85);
#868 = AXIS2_PLACEMENT_3D('',#869,#870,#871);
#869 = CARTESIAN_POINT('',(173.08,-152.5,0.));
#870 = DIRECTION('',(-0.,0.,-1.));
#871 = DIRECTION('',(3.343730521224E-14,-1.,-0.));
#872 = FACE_BOUND('',#873,.F.);
#873 = EDGE_LOOP('',(#874));
#874 = ORIENTED_EDGE('',*,*,#875,.T.);
#875 = EDGE_CURVE('',#876,#876,#878,.T.);
#876 = VERTEX_POINT('',#877);
#877 = CARTESIAN_POINT('',(164.69,-144.4,0.));
#878 = CIRCLE('',#879,0.4);
#879 = AXIS2_PLACEMENT_3D('',#880,#881,#882);
#880 = CARTESIAN_POINT('',(164.69,-144.,0.));
#881 = DIRECTION('',(-0.,0.,-1.));
#882 = DIRECTION('',(-0.,-1.,0.));
#883 = FACE_BOUND('',#884,.F.);
#884 = EDGE_LOOP('',(#885));
#885 = ORIENTED_EDGE('',*,*,#886,.T.);
#886 = EDGE_CURVE('',#887,#887,#889,.T.);
#887 = VERTEX_POINT('',#888);
#888 = CARTESIAN_POINT('',(170.54,-148.17,0.));
#889 = CIRCLE('',#890,0.75);
#890 = AXIS2_PLACEMENT_3D('',#891,#892,#893);
#891 = CARTESIAN_POINT('',(170.54,-147.42,0.));
#892 = DIRECTION('',(-0.,0.,-1.));
#893 = DIRECTION('',(-0.,-1.,0.));
#894 = FACE_BOUND('',#895,.F.);
#895 = EDGE_LOOP('',(#896));
#896 = ORIENTED_EDGE('',*,*,#897,.T.);
#897 = EDGE_CURVE('',#898,#898,#900,.T.);
#898 = VERTEX_POINT('',#899);
#899 = CARTESIAN_POINT('',(172.31,-144.4,0.));
#900 = CIRCLE('',#901,0.4);
#901 = AXIS2_PLACEMENT_3D('',#902,#903,#904);
#902 = CARTESIAN_POINT('',(172.31,-144.,0.));
#903 = DIRECTION('',(-0.,0.,-1.));
#904 = DIRECTION('',(-0.,-1.,0.));
#905 = FACE_BOUND('',#906,.F.);
#906 = EDGE_LOOP('',(#907));
#907 = ORIENTED_EDGE('',*,*,#908,.T.);
#908 = EDGE_CURVE('',#909,#909,#911,.T.);
#909 = VERTEX_POINT('',#910);
#910 = CARTESIAN_POINT('',(147.46,-135.364,0.));
#911 = CIRCLE('',#912,2.);
#912 = AXIS2_PLACEMENT_3D('',#913,#914,#915);
#913 = CARTESIAN_POINT('',(147.46,-133.364,0.));
#914 = DIRECTION('',(-0.,0.,-1.));
#915 = DIRECTION('',(-0.,-1.,0.));
#916 = FACE_BOUND('',#917,.F.);
#917 = EDGE_LOOP('',(#918));
#918 = ORIENTED_EDGE('',*,*,#919,.T.);
#919 = EDGE_CURVE('',#920,#920,#922,.T.);
#920 = VERTEX_POINT('',#921);
#921 = CARTESIAN_POINT('',(152.54,-134.214,0.));
#922 = CIRCLE('',#923,0.85);
#923 = AXIS2_PLACEMENT_3D('',#924,#925,#926);
#924 = CARTESIAN_POINT('',(152.54,-133.364,0.));
#925 = DIRECTION('',(-0.,0.,-1.));
#926 = DIRECTION('',(-0.,-1.,0.));
#927 = FACE_BOUND('',#928,.F.);
#928 = EDGE_LOOP('',(#929));
#929 = ORIENTED_EDGE('',*,*,#930,.T.);
#930 = EDGE_CURVE('',#931,#931,#933,.T.);
#931 = VERTEX_POINT('',#932);
#932 = CARTESIAN_POINT('',(162.92,-134.35,0.));
#933 = CIRCLE('',#934,0.85);
#934 = AXIS2_PLACEMENT_3D('',#935,#936,#937);
#935 = CARTESIAN_POINT('',(162.92,-133.5,0.));
#936 = DIRECTION('',(-0.,0.,-1.));
#937 = DIRECTION('',(-3.343730521224E-14,-1.,0.));
#938 = FACE_BOUND('',#939,.F.);
#939 = EDGE_LOOP('',(#940));
#940 = ORIENTED_EDGE('',*,*,#941,.T.);
#941 = EDGE_CURVE('',#942,#942,#944,.T.);
#942 = VERTEX_POINT('',#943);
#943 = CARTESIAN_POINT('',(164.19,-131.71,0.));
#944 = CIRCLE('',#945,0.75);
#945 = AXIS2_PLACEMENT_3D('',#946,#947,#948);
#946 = CARTESIAN_POINT('',(164.19,-130.96,0.));
#947 = DIRECTION('',(-0.,0.,-1.));
#948 = DIRECTION('',(-0.,-1.,0.));
#949 = FACE_BOUND('',#950,.F.);
#950 = EDGE_LOOP('',(#951));
#951 = ORIENTED_EDGE('',*,*,#952,.T.);
#952 = EDGE_CURVE('',#953,#953,#955,.T.);
#953 = VERTEX_POINT('',#954);
#954 = CARTESIAN_POINT('',(168.,-135.5,0.));
#955 = CIRCLE('',#956,2.);
#956 = AXIS2_PLACEMENT_3D('',#957,#958,#959);
#957 = CARTESIAN_POINT('',(168.,-133.5,0.));
#958 = DIRECTION('',(-0.,0.,-1.));
#959 = DIRECTION('',(-0.,-1.,0.));
#960 = FACE_BOUND('',#961,.F.);
#961 = EDGE_LOOP('',(#962));
#962 = ORIENTED_EDGE('',*,*,#963,.T.);
#963 = EDGE_CURVE('',#964,#964,#966,.T.);
#964 = VERTEX_POINT('',#965);
#965 = CARTESIAN_POINT('',(173.08,-134.35,0.));
#966 = CIRCLE('',#967,0.85);
#967 = AXIS2_PLACEMENT_3D('',#968,#969,#970);
#968 = CARTESIAN_POINT('',(173.08,-133.5,0.));
#969 = DIRECTION('',(-0.,0.,-1.));
#970 = DIRECTION('',(3.343730521224E-14,-1.,-0.));
#971 = FACE_BOUND('',#972,.F.);
#972 = EDGE_LOOP('',(#973));
#973 = ORIENTED_EDGE('',*,*,#974,.T.);
#974 = EDGE_CURVE('',#975,#975,#977,.T.);
#975 = VERTEX_POINT('',#976);
#976 = CARTESIAN_POINT('',(122.88,-125.4,0.));
#977 = CIRCLE('',#978,0.4);
#978 = AXIS2_PLACEMENT_3D('',#979,#980,#981);
#979 = CARTESIAN_POINT('',(122.88,-125.,0.));
#980 = DIRECTION('',(-0.,0.,-1.));
#981 = DIRECTION('',(-0.,-1.,0.));
#982 = FACE_BOUND('',#983,.F.);
#983 = EDGE_LOOP('',(#984));
#984 = ORIENTED_EDGE('',*,*,#985,.T.);
#985 = EDGE_CURVE('',#986,#986,#988,.T.);
#986 = VERTEX_POINT('',#987);
#987 = CARTESIAN_POINT('',(129.23,-129.17,0.));
#988 = CIRCLE('',#989,0.75);
#989 = AXIS2_PLACEMENT_3D('',#990,#991,#992);
#990 = CARTESIAN_POINT('',(129.23,-128.42,0.));
#991 = DIRECTION('',(-0.,0.,-1.));
#992 = DIRECTION('',(-0.,-1.,0.));
#993 = FACE_BOUND('',#994,.F.);
#994 = EDGE_LOOP('',(#995));
#995 = ORIENTED_EDGE('',*,*,#996,.T.);
#996 = EDGE_CURVE('',#997,#997,#999,.T.);
#997 = VERTEX_POINT('',#998);
#998 = CARTESIAN_POINT('',(130.5,-125.4,0.));
#999 = CIRCLE('',#1000,0.4);
#1000 = AXIS2_PLACEMENT_3D('',#1001,#1002,#1003);
#1001 = CARTESIAN_POINT('',(130.5,-125.,0.));
#1002 = DIRECTION('',(-0.,0.,-1.));
#1003 = DIRECTION('',(-0.,-1.,0.));
#1004 = FACE_BOUND('',#1005,.F.);
#1005 = EDGE_LOOP('',(#1006));
#1006 = ORIENTED_EDGE('',*,*,#1007,.T.);
#1007 = EDGE_CURVE('',#1008,#1008,#1010,.T.);
#1008 = VERTEX_POINT('',#1009);
#1009 = CARTESIAN_POINT('',(144.23,-125.264,0.));
#1010 = CIRCLE('',#1011,0.4);
#1011 = AXIS2_PLACEMENT_3D('',#1012,#1013,#1014);
#1012 = CARTESIAN_POINT('',(144.23,-124.864,0.));
#1013 = DIRECTION('',(-0.,0.,-1.));
#1014 = DIRECTION('',(-7.105427357601E-14,-1.,0.));
#1015 = FACE_BOUND('',#1016,.F.);
#1016 = EDGE_LOOP('',(#1017));
#1017 = ORIENTED_EDGE('',*,*,#1018,.T.);
#1018 = EDGE_CURVE('',#1019,#1019,#1021,.T.);
#1019 = VERTEX_POINT('',#1020);
#1020 = CARTESIAN_POINT('',(121.61,-115.35,0.));
#1021 = CIRCLE('',#1022,0.85);
#1022 = AXIS2_PLACEMENT_3D('',#1023,#1024,#1025);
#1023 = CARTESIAN_POINT('',(121.61,-114.5,0.));
#1024 = DIRECTION('',(-0.,0.,-1.));
#1025 = DIRECTION('',(-0.,-1.,0.));
#1026 = FACE_BOUND('',#1027,.F.);
#1027 = EDGE_LOOP('',(#1028));
#1028 = ORIENTED_EDGE('',*,*,#1029,.T.);
#1029 = EDGE_CURVE('',#1030,#1030,#1032,.T.);
#1030 = VERTEX_POINT('',#1031);
#1031 = CARTESIAN_POINT('',(122.88,-112.71,0.));
#1032 = CIRCLE('',#1033,0.75);
#1033 = AXIS2_PLACEMENT_3D('',#1034,#1035,#1036);
#1034 = CARTESIAN_POINT('',(122.88,-111.96,0.));
#1035 = DIRECTION('',(-0.,0.,-1.));
#1036 = DIRECTION('',(-0.,-1.,0.));
#1037 = FACE_BOUND('',#1038,.F.);
#1038 = EDGE_LOOP('',(#1039));
#1039 = ORIENTED_EDGE('',*,*,#1040,.T.);
#1040 = EDGE_CURVE('',#1041,#1041,#1043,.T.);
#1041 = VERTEX_POINT('',#1042);
#1042 = CARTESIAN_POINT('',(126.69,-116.5,0.));
#1043 = CIRCLE('',#1044,2.);
#1044 = AXIS2_PLACEMENT_3D('',#1045,#1046,#1047);
#1045 = CARTESIAN_POINT('',(126.69,-114.5,0.));
#1046 = DIRECTION('',(-0.,0.,-1.));
#1047 = DIRECTION('',(-0.,-1.,0.));
#1048 = FACE_BOUND('',#1049,.F.);
#1049 = EDGE_LOOP('',(#1050));
#1050 = ORIENTED_EDGE('',*,*,#1051,.T.);
#1051 = EDGE_CURVE('',#1052,#1052,#1054,.T.);
#1052 = VERTEX_POINT('',#1053);
#1053 = CARTESIAN_POINT('',(131.77,-115.35,0.));
#1054 = CIRCLE('',#1055,0.85);
#1055 = AXIS2_PLACEMENT_3D('',#1056,#1057,#1058);
#1056 = CARTESIAN_POINT('',(131.77,-114.5,0.));
#1057 = DIRECTION('',(-0.,0.,-1.));
#1058 = DIRECTION('',(3.343730521224E-14,-1.,-0.));
#1059 = FACE_BOUND('',#1060,.F.);
#1060 = EDGE_LOOP('',(#1061));
#1061 = ORIENTED_EDGE('',*,*,#1062,.T.);
#1062 = EDGE_CURVE('',#1063,#1063,#1065,.T.);
#1063 = VERTEX_POINT('',#1064);
#1064 = CARTESIAN_POINT('',(122.96,-106.4,0.));
#1065 = CIRCLE('',#1066,0.4);
#1066 = AXIS2_PLACEMENT_3D('',#1067,#1068,#1069);
#1067 = CARTESIAN_POINT('',(122.96,-106.,0.));
#1068 = DIRECTION('',(-0.,0.,-1.));
#1069 = DIRECTION('',(-3.552713678801E-14,-1.,0.));
#1070 = FACE_BOUND('',#1071,.F.);
#1071 = EDGE_LOOP('',(#1072));
#1072 = ORIENTED_EDGE('',*,*,#1073,.T.);
#1073 = EDGE_CURVE('',#1074,#1074,#1076,.T.);
#1074 = VERTEX_POINT('',#1075);
#1075 = CARTESIAN_POINT('',(129.23,-110.17,0.));
#1076 = CIRCLE('',#1077,0.75);
#1077 = AXIS2_PLACEMENT_3D('',#1078,#1079,#1080);
#1078 = CARTESIAN_POINT('',(129.23,-109.42,0.));
#1079 = DIRECTION('',(-0.,0.,-1.));
#1080 = DIRECTION('',(-0.,-1.,0.));
#1081 = FACE_BOUND('',#1082,.F.);
#1082 = EDGE_LOOP('',(#1083));
#1083 = ORIENTED_EDGE('',*,*,#1084,.T.);
#1084 = EDGE_CURVE('',#1085,#1085,#1087,.T.);
#1085 = VERTEX_POINT('',#1086);
#1086 = CARTESIAN_POINT('',(130.58,-106.4,0.));
#1087 = CIRCLE('',#1088,0.4);
#1088 = AXIS2_PLACEMENT_3D('',#1089,#1090,#1091);
#1089 = CARTESIAN_POINT('',(130.58,-106.,0.));
#1090 = DIRECTION('',(-0.,0.,-1.));
#1091 = DIRECTION('',(7.105427357601E-14,-1.,-0.));
#1092 = FACE_BOUND('',#1093,.F.);
#1093 = EDGE_LOOP('',(#1094));
#1094 = ORIENTED_EDGE('',*,*,#1095,.T.);
#1095 = EDGE_CURVE('',#1096,#1096,#1098,.T.);
#1096 = VERTEX_POINT('',#1097);
#1097 = CARTESIAN_POINT('',(150.,-129.034,0.));
#1098 = CIRCLE('',#1099,0.75);
#1099 = AXIS2_PLACEMENT_3D('',#1100,#1101,#1102);
#1100 = CARTESIAN_POINT('',(150.,-128.284,0.));
#1101 = DIRECTION('',(-0.,0.,-1.));
#1102 = DIRECTION('',(-0.,-1.,0.));
#1103 = FACE_BOUND('',#1104,.F.);
#1104 = EDGE_LOOP('',(#1105));
#1105 = ORIENTED_EDGE('',*,*,#1106,.T.);
#1106 = EDGE_CURVE('',#1107,#1107,#1109,.T.);
#1107 = VERTEX_POINT('',#1108);
#1108 = CARTESIAN_POINT('',(151.85,-125.264,0.));
#1109 = CIRCLE('',#1110,0.4);
#1110 = AXIS2_PLACEMENT_3D('',#1111,#1112,#1113);
#1111 = CARTESIAN_POINT('',(151.85,-124.864,0.));
#1112 = DIRECTION('',(-0.,0.,-1.));
#1113 = DIRECTION('',(-0.,-1.,0.));
#1114 = FACE_BOUND('',#1115,.F.);
#1115 = EDGE_LOOP('',(#1116));
#1116 = ORIENTED_EDGE('',*,*,#1117,.T.);
#1117 = EDGE_CURVE('',#1118,#1118,#1120,.T.);
#1118 = VERTEX_POINT('',#1119);
#1119 = CARTESIAN_POINT('',(164.27,-125.4,0.));
#1120 = CIRCLE('',#1121,0.4);
#1121 = AXIS2_PLACEMENT_3D('',#1122,#1123,#1124);
#1122 = CARTESIAN_POINT('',(164.27,-125.,0.));
#1123 = DIRECTION('',(-0.,0.,-1.));
#1124 = DIRECTION('',(7.105427357601E-14,-1.,-0.));
#1125 = FACE_BOUND('',#1126,.F.);
#1126 = EDGE_LOOP('',(#1127));
#1127 = ORIENTED_EDGE('',*,*,#1128,.T.);
#1128 = EDGE_CURVE('',#1129,#1129,#1131,.T.);
#1129 = VERTEX_POINT('',#1130);
#1130 = CARTESIAN_POINT('',(170.54,-129.17,0.));
#1131 = CIRCLE('',#1132,0.75);
#1132 = AXIS2_PLACEMENT_3D('',#1133,#1134,#1135);
#1133 = CARTESIAN_POINT('',(170.54,-128.42,0.));
#1134 = DIRECTION('',(-0.,0.,-1.));
#1135 = DIRECTION('',(-0.,-1.,0.));
#1136 = FACE_BOUND('',#1137,.F.);
#1137 = EDGE_LOOP('',(#1138));
#1138 = ORIENTED_EDGE('',*,*,#1139,.T.);
#1139 = EDGE_CURVE('',#1140,#1140,#1142,.T.);
#1140 = VERTEX_POINT('',#1141);
#1141 = CARTESIAN_POINT('',(171.89,-125.4,0.));
#1142 = CIRCLE('',#1143,0.4);
#1143 = AXIS2_PLACEMENT_3D('',#1144,#1145,#1146);
#1144 = CARTESIAN_POINT('',(171.89,-125.,0.));
#1145 = DIRECTION('',(-0.,0.,-1.));
#1146 = DIRECTION('',(-0.,-1.,0.));
#1147 = FACE_BOUND('',#1148,.F.);
#1148 = EDGE_LOOP('',(#1149));
#1149 = ORIENTED_EDGE('',*,*,#1150,.T.);
#1150 = EDGE_CURVE('',#1151,#1151,#1153,.T.);
#1151 = VERTEX_POINT('',#1152);
#1152 = CARTESIAN_POINT('',(162.92,-115.35,0.));
#1153 = CIRCLE('',#1154,0.85);
#1154 = AXIS2_PLACEMENT_3D('',#1155,#1156,#1157);
#1155 = CARTESIAN_POINT('',(162.92,-114.5,0.));
#1156 = DIRECTION('',(-0.,0.,-1.));
#1157 = DIRECTION('',(-3.343730521224E-14,-1.,0.));
#1158 = FACE_BOUND('',#1159,.F.);
#1159 = EDGE_LOOP('',(#1160));
#1160 = ORIENTED_EDGE('',*,*,#1161,.T.);
#1161 = EDGE_CURVE('',#1162,#1162,#1164,.T.);
#1162 = VERTEX_POINT('',#1163);
#1163 = CARTESIAN_POINT('',(164.19,-112.71,0.));
#1164 = CIRCLE('',#1165,0.75);
#1165 = AXIS2_PLACEMENT_3D('',#1166,#1167,#1168);
#1166 = CARTESIAN_POINT('',(164.19,-111.96,0.));
#1167 = DIRECTION('',(-0.,0.,-1.));
#1168 = DIRECTION('',(-0.,-1.,0.));
#1169 = FACE_BOUND('',#1170,.F.);
#1170 = EDGE_LOOP('',(#1171));
#1171 = ORIENTED_EDGE('',*,*,#1172,.T.);
#1172 = EDGE_CURVE('',#1173,#1173,#1175,.T.);
#1173 = VERTEX_POINT('',#1174);
#1174 = CARTESIAN_POINT('',(168.,-116.5,0.));
#1175 = CIRCLE('',#1176,2.);
#1176 = AXIS2_PLACEMENT_3D('',#1177,#1178,#1179);
#1177 = CARTESIAN_POINT('',(168.,-114.5,0.));
#1178 = DIRECTION('',(-0.,0.,-1.));
#1179 = DIRECTION('',(-0.,-1.,0.));
#1180 = FACE_BOUND('',#1181,.F.);
#1181 = EDGE_LOOP('',(#1182));
#1182 = ORIENTED_EDGE('',*,*,#1183,.T.);
#1183 = EDGE_CURVE('',#1184,#1184,#1186,.T.);
#1184 = VERTEX_POINT('',#1185);
#1185 = CARTESIAN_POINT('',(173.08,-115.35,0.));
#1186 = CIRCLE('',#1187,0.85);
#1187 = AXIS2_PLACEMENT_3D('',#1188,#1189,#1190);
#1188 = CARTESIAN_POINT('',(173.08,-114.5,0.));
#1189 = DIRECTION('',(-0.,0.,-1.));
#1190 = DIRECTION('',(3.343730521224E-14,-1.,-0.));
#1191 = FACE_BOUND('',#1192,.F.);
#1192 = EDGE_LOOP('',(#1193));
#1193 = ORIENTED_EDGE('',*,*,#1194,.T.);
#1194 = EDGE_CURVE('',#1195,#1195,#1197,.T.);
#1195 = VERTEX_POINT('',#1196);
#1196 = CARTESIAN_POINT('',(163.69,-106.4,0.));
#1197 = CIRCLE('',#1198,0.4);
#1198 = AXIS2_PLACEMENT_3D('',#1199,#1200,#1201);
#1199 = CARTESIAN_POINT('',(163.69,-106.,0.));
#1200 = DIRECTION('',(-0.,0.,-1.));
#1201 = DIRECTION('',(-0.,-1.,0.));
#1202 = FACE_BOUND('',#1203,.F.);
#1203 = EDGE_LOOP('',(#1204));
#1204 = ORIENTED_EDGE('',*,*,#1205,.T.);
#1205 = EDGE_CURVE('',#1206,#1206,#1208,.T.);
#1206 = VERTEX_POINT('',#1207);
#1207 = CARTESIAN_POINT('',(170.54,-110.17,0.));
#1208 = CIRCLE('',#1209,0.75);
#1209 = AXIS2_PLACEMENT_3D('',#1210,#1211,#1212);
#1210 = CARTESIAN_POINT('',(170.54,-109.42,0.));
#1211 = DIRECTION('',(-0.,0.,-1.));
#1212 = DIRECTION('',(-0.,-1.,0.));
#1213 = FACE_BOUND('',#1214,.F.);
#1214 = EDGE_LOOP('',(#1215));
#1215 = ORIENTED_EDGE('',*,*,#1216,.T.);
#1216 = EDGE_CURVE('',#1217,#1217,#1219,.T.);
#1217 = VERTEX_POINT('',#1218);
#1218 = CARTESIAN_POINT('',(171.31,-106.4,0.));
#1219 = CIRCLE('',#1220,0.4);
#1220 = AXIS2_PLACEMENT_3D('',#1221,#1222,#1223);
#1221 = CARTESIAN_POINT('',(171.31,-106.,0.));
#1222 = DIRECTION('',(-0.,0.,-1.));
#1223 = DIRECTION('',(-0.,-1.,0.));
#1224 = PLANE('',#1225);
#1225 = AXIS2_PLACEMENT_3D('',#1226,#1227,#1228);
#1226 = CARTESIAN_POINT('',(0.,0.,0.));
#1227 = DIRECTION('',(0.,0.,1.));
#1228 = DIRECTION('',(1.,0.,-0.));
#1229 = ADVANCED_FACE('',(#1230,#1241,#1252,#1263,#1274,#1285,#1296,
    #1307,#1318,#1329,#1340,#1351,#1362,#1373,#1384,#1395,#1406,#1417,
    #1428,#1439,#1450,#1461,#1472,#1483,#1494,#1505,#1516,#1527,#1538,
    #1549,#1560,#1571,#1582,#1593,#1604,#1615,#1626,#1637,#1648,#1659,
    #1670,#1681,#1692,#1703,#1714,#1725,#1736,#1747,#1758,#1769,#1780,
    #1791,#1802,#1813,#1824,#1835,#1846),#1857,.T.);
#1230 = FACE_BOUND('',#1231,.T.);
#1231 = EDGE_LOOP('',(#1232,#1233,#1234,#1240));
#1232 = ORIENTED_EDGE('',*,*,#508,.F.);
#1233 = ORIENTED_EDGE('',*,*,#548,.F.);
#1234 = ORIENTED_EDGE('',*,*,#1235,.F.);
#1235 = EDGE_CURVE('',#571,#541,#1236,.T.);
#1236 = LINE('',#1237,#1238);
#1237 = CARTESIAN_POINT('',(116.,-99.5,1.51));
#1238 = VECTOR('',#1239,1.);
#1239 = DIRECTION('',(1.,0.,0.));
#1240 = ORIENTED_EDGE('',*,*,#570,.F.);
#1241 = FACE_BOUND('',#1242,.T.);
#1242 = EDGE_LOOP('',(#1243));
#1243 = ORIENTED_EDGE('',*,*,#1244,.T.);
#1244 = EDGE_CURVE('',#1245,#1245,#1247,.T.);
#1245 = VERTEX_POINT('',#1246);
#1246 = CARTESIAN_POINT('',(121.61,-153.35,1.51));
#1247 = CIRCLE('',#1248,0.85);
#1248 = AXIS2_PLACEMENT_3D('',#1249,#1250,#1251);
#1249 = CARTESIAN_POINT('',(121.61,-152.5,1.51));
#1250 = DIRECTION('',(-0.,0.,-1.));
#1251 = DIRECTION('',(-0.,-1.,0.));
#1252 = FACE_BOUND('',#1253,.T.);
#1253 = EDGE_LOOP('',(#1254));
#1254 = ORIENTED_EDGE('',*,*,#1255,.T.);
#1255 = EDGE_CURVE('',#1256,#1256,#1258,.T.);
#1256 = VERTEX_POINT('',#1257);
#1257 = CARTESIAN_POINT('',(126.69,-154.5,1.51));
#1258 = CIRCLE('',#1259,2.);
#1259 = AXIS2_PLACEMENT_3D('',#1260,#1261,#1262);
#1260 = CARTESIAN_POINT('',(126.69,-152.5,1.51));
#1261 = DIRECTION('',(-0.,0.,-1.));
#1262 = DIRECTION('',(-0.,-1.,0.));
#1263 = FACE_BOUND('',#1264,.T.);
#1264 = EDGE_LOOP('',(#1265));
#1265 = ORIENTED_EDGE('',*,*,#1266,.T.);
#1266 = EDGE_CURVE('',#1267,#1267,#1269,.T.);
#1267 = VERTEX_POINT('',#1268);
#1268 = CARTESIAN_POINT('',(122.88,-150.71,1.51));
#1269 = CIRCLE('',#1270,0.75);
#1270 = AXIS2_PLACEMENT_3D('',#1271,#1272,#1273);
#1271 = CARTESIAN_POINT('',(122.88,-149.96,1.51));
#1272 = DIRECTION('',(-0.,0.,-1.));
#1273 = DIRECTION('',(-0.,-1.,0.));
#1274 = FACE_BOUND('',#1275,.T.);
#1275 = EDGE_LOOP('',(#1276));
#1276 = ORIENTED_EDGE('',*,*,#1277,.T.);
#1277 = EDGE_CURVE('',#1278,#1278,#1280,.T.);
#1278 = VERTEX_POINT('',#1279);
#1279 = CARTESIAN_POINT('',(131.77,-153.35,1.51));
#1280 = CIRCLE('',#1281,0.85);
#1281 = AXIS2_PLACEMENT_3D('',#1282,#1283,#1284);
#1282 = CARTESIAN_POINT('',(131.77,-152.5,1.51));
#1283 = DIRECTION('',(-0.,0.,-1.));
#1284 = DIRECTION('',(3.343730521224E-14,-1.,-0.));
#1285 = FACE_BOUND('',#1286,.T.);
#1286 = EDGE_LOOP('',(#1287));
#1287 = ORIENTED_EDGE('',*,*,#1288,.T.);
#1288 = EDGE_CURVE('',#1289,#1289,#1291,.T.);
#1289 = VERTEX_POINT('',#1290);
#1290 = CARTESIAN_POINT('',(123.38,-144.4,1.51));
#1291 = CIRCLE('',#1292,0.4);
#1292 = AXIS2_PLACEMENT_3D('',#1293,#1294,#1295);
#1293 = CARTESIAN_POINT('',(123.38,-144.,1.51));
#1294 = DIRECTION('',(-0.,0.,-1.));
#1295 = DIRECTION('',(-0.,-1.,0.));
#1296 = FACE_BOUND('',#1297,.T.);
#1297 = EDGE_LOOP('',(#1298));
#1298 = ORIENTED_EDGE('',*,*,#1299,.T.);
#1299 = EDGE_CURVE('',#1300,#1300,#1302,.T.);
#1300 = VERTEX_POINT('',#1301);
#1301 = CARTESIAN_POINT('',(129.23,-148.17,1.51));
#1302 = CIRCLE('',#1303,0.75);
#1303 = AXIS2_PLACEMENT_3D('',#1304,#1305,#1306);
#1304 = CARTESIAN_POINT('',(129.23,-147.42,1.51));
#1305 = DIRECTION('',(-0.,0.,-1.));
#1306 = DIRECTION('',(-0.,-1.,0.));
#1307 = FACE_BOUND('',#1308,.T.);
#1308 = EDGE_LOOP('',(#1309));
#1309 = ORIENTED_EDGE('',*,*,#1310,.T.);
#1310 = EDGE_CURVE('',#1311,#1311,#1313,.T.);
#1311 = VERTEX_POINT('',#1312);
#1312 = CARTESIAN_POINT('',(131.,-144.4,1.51));
#1313 = CIRCLE('',#1314,0.4);
#1314 = AXIS2_PLACEMENT_3D('',#1315,#1316,#1317);
#1315 = CARTESIAN_POINT('',(131.,-144.,1.51));
#1316 = DIRECTION('',(-0.,0.,-1.));
#1317 = DIRECTION('',(-0.,-1.,0.));
#1318 = FACE_BOUND('',#1319,.T.);
#1319 = EDGE_LOOP('',(#1320));
#1320 = ORIENTED_EDGE('',*,*,#1321,.T.);
#1321 = EDGE_CURVE('',#1322,#1322,#1324,.T.);
#1322 = VERTEX_POINT('',#1323);
#1323 = CARTESIAN_POINT('',(142.38,-153.43,1.51));
#1324 = CIRCLE('',#1325,0.85);
#1325 = AXIS2_PLACEMENT_3D('',#1326,#1327,#1328);
#1326 = CARTESIAN_POINT('',(142.38,-152.58,1.51));
#1327 = DIRECTION('',(-0.,0.,-1.));
#1328 = DIRECTION('',(-0.,-1.,0.));
#1329 = FACE_BOUND('',#1330,.T.);
#1330 = EDGE_LOOP('',(#1331));
#1331 = ORIENTED_EDGE('',*,*,#1332,.T.);
#1332 = EDGE_CURVE('',#1333,#1333,#1335,.T.);
#1333 = VERTEX_POINT('',#1334);
#1334 = CARTESIAN_POINT('',(143.65,-150.79,1.51));
#1335 = CIRCLE('',#1336,0.75);
#1336 = AXIS2_PLACEMENT_3D('',#1337,#1338,#1339);
#1337 = CARTESIAN_POINT('',(143.65,-150.04,1.51));
#1338 = DIRECTION('',(-0.,0.,-1.));
#1339 = DIRECTION('',(-0.,-1.,0.));
#1340 = FACE_BOUND('',#1341,.T.);
#1341 = EDGE_LOOP('',(#1342));
#1342 = ORIENTED_EDGE('',*,*,#1343,.T.);
#1343 = EDGE_CURVE('',#1344,#1344,#1346,.T.);
#1344 = VERTEX_POINT('',#1345);
#1345 = CARTESIAN_POINT('',(143.26,-144.39,1.51));
#1346 = CIRCLE('',#1347,0.4);
#1347 = AXIS2_PLACEMENT_3D('',#1348,#1349,#1350);
#1348 = CARTESIAN_POINT('',(143.26,-143.99,1.51));
#1349 = DIRECTION('',(-0.,0.,-1.));
#1350 = DIRECTION('',(-0.,-1.,0.));
#1351 = FACE_BOUND('',#1352,.T.);
#1352 = EDGE_LOOP('',(#1353));
#1353 = ORIENTED_EDGE('',*,*,#1354,.T.);
#1354 = EDGE_CURVE('',#1355,#1355,#1357,.T.);
#1355 = VERTEX_POINT('',#1356);
#1356 = CARTESIAN_POINT('',(121.61,-134.35,1.51));
#1357 = CIRCLE('',#1358,0.85);
#1358 = AXIS2_PLACEMENT_3D('',#1359,#1360,#1361);
#1359 = CARTESIAN_POINT('',(121.61,-133.5,1.51));
#1360 = DIRECTION('',(-0.,0.,-1.));
#1361 = DIRECTION('',(-0.,-1.,0.));
#1362 = FACE_BOUND('',#1363,.T.);
#1363 = EDGE_LOOP('',(#1364));
#1364 = ORIENTED_EDGE('',*,*,#1365,.T.);
#1365 = EDGE_CURVE('',#1366,#1366,#1368,.T.);
#1366 = VERTEX_POINT('',#1367);
#1367 = CARTESIAN_POINT('',(126.69,-135.5,1.51));
#1368 = CIRCLE('',#1369,2.);
#1369 = AXIS2_PLACEMENT_3D('',#1370,#1371,#1372);
#1370 = CARTESIAN_POINT('',(126.69,-133.5,1.51));
#1371 = DIRECTION('',(-0.,0.,-1.));
#1372 = DIRECTION('',(-0.,-1.,0.));
#1373 = FACE_BOUND('',#1374,.T.);
#1374 = EDGE_LOOP('',(#1375));
#1375 = ORIENTED_EDGE('',*,*,#1376,.T.);
#1376 = EDGE_CURVE('',#1377,#1377,#1379,.T.);
#1377 = VERTEX_POINT('',#1378);
#1378 = CARTESIAN_POINT('',(122.88,-131.71,1.51));
#1379 = CIRCLE('',#1380,0.75);
#1380 = AXIS2_PLACEMENT_3D('',#1381,#1382,#1383);
#1381 = CARTESIAN_POINT('',(122.88,-130.96,1.51));
#1382 = DIRECTION('',(-0.,0.,-1.));
#1383 = DIRECTION('',(-0.,-1.,0.));
#1384 = FACE_BOUND('',#1385,.T.);
#1385 = EDGE_LOOP('',(#1386));
#1386 = ORIENTED_EDGE('',*,*,#1387,.T.);
#1387 = EDGE_CURVE('',#1388,#1388,#1390,.T.);
#1388 = VERTEX_POINT('',#1389);
#1389 = CARTESIAN_POINT('',(131.77,-134.35,1.51));
#1390 = CIRCLE('',#1391,0.85);
#1391 = AXIS2_PLACEMENT_3D('',#1392,#1393,#1394);
#1392 = CARTESIAN_POINT('',(131.77,-133.5,1.51));
#1393 = DIRECTION('',(-0.,0.,-1.));
#1394 = DIRECTION('',(3.343730521224E-14,-1.,-0.));
#1395 = FACE_BOUND('',#1396,.T.);
#1396 = EDGE_LOOP('',(#1397));
#1397 = ORIENTED_EDGE('',*,*,#1398,.T.);
#1398 = EDGE_CURVE('',#1399,#1399,#1401,.T.);
#1399 = VERTEX_POINT('',#1400);
#1400 = CARTESIAN_POINT('',(142.38,-134.214,1.51));
#1401 = CIRCLE('',#1402,0.85);
#1402 = AXIS2_PLACEMENT_3D('',#1403,#1404,#1405);
#1403 = CARTESIAN_POINT('',(142.38,-133.364,1.51));
#1404 = DIRECTION('',(-0.,0.,-1.));
#1405 = DIRECTION('',(-0.,-1.,0.));
#1406 = FACE_BOUND('',#1407,.T.);
#1407 = EDGE_LOOP('',(#1408));
#1408 = ORIENTED_EDGE('',*,*,#1409,.T.);
#1409 = EDGE_CURVE('',#1410,#1410,#1412,.T.);
#1410 = VERTEX_POINT('',#1411);
#1411 = CARTESIAN_POINT('',(143.65,-131.574,1.51));
#1412 = CIRCLE('',#1413,0.75);
#1413 = AXIS2_PLACEMENT_3D('',#1414,#1415,#1416);
#1414 = CARTESIAN_POINT('',(143.65,-130.824,1.51));
#1415 = DIRECTION('',(-0.,0.,-1.));
#1416 = DIRECTION('',(-0.,-1.,0.));
#1417 = FACE_BOUND('',#1418,.T.);
#1418 = EDGE_LOOP('',(#1419));
#1419 = ORIENTED_EDGE('',*,*,#1420,.T.);
#1420 = EDGE_CURVE('',#1421,#1421,#1423,.T.);
#1421 = VERTEX_POINT('',#1422);
#1422 = CARTESIAN_POINT('',(147.46,-154.58,1.51));
#1423 = CIRCLE('',#1424,2.);
#1424 = AXIS2_PLACEMENT_3D('',#1425,#1426,#1427);
#1425 = CARTESIAN_POINT('',(147.46,-152.58,1.51));
#1426 = DIRECTION('',(-0.,0.,-1.));
#1427 = DIRECTION('',(-0.,-1.,0.));
#1428 = FACE_BOUND('',#1429,.T.);
#1429 = EDGE_LOOP('',(#1430));
#1430 = ORIENTED_EDGE('',*,*,#1431,.T.);
#1431 = EDGE_CURVE('',#1432,#1432,#1434,.T.);
#1432 = VERTEX_POINT('',#1433);
#1433 = CARTESIAN_POINT('',(152.54,-153.43,1.51));
#1434 = CIRCLE('',#1435,0.85);
#1435 = AXIS2_PLACEMENT_3D('',#1436,#1437,#1438);
#1436 = CARTESIAN_POINT('',(152.54,-152.58,1.51));
#1437 = DIRECTION('',(-0.,0.,-1.));
#1438 = DIRECTION('',(-0.,-1.,0.));
#1439 = FACE_BOUND('',#1440,.T.);
#1440 = EDGE_LOOP('',(#1441));
#1441 = ORIENTED_EDGE('',*,*,#1442,.T.);
#1442 = EDGE_CURVE('',#1443,#1443,#1445,.T.);
#1443 = VERTEX_POINT('',#1444);
#1444 = CARTESIAN_POINT('',(150.,-148.25,1.51));
#1445 = CIRCLE('',#1446,0.75);
#1446 = AXIS2_PLACEMENT_3D('',#1447,#1448,#1449);
#1447 = CARTESIAN_POINT('',(150.,-147.5,1.51));
#1448 = DIRECTION('',(-0.,0.,-1.));
#1449 = DIRECTION('',(-0.,-1.,0.));
#1450 = FACE_BOUND('',#1451,.T.);
#1451 = EDGE_LOOP('',(#1452));
#1452 = ORIENTED_EDGE('',*,*,#1453,.T.);
#1453 = EDGE_CURVE('',#1454,#1454,#1456,.T.);
#1454 = VERTEX_POINT('',#1455);
#1455 = CARTESIAN_POINT('',(150.88,-144.39,1.51));
#1456 = CIRCLE('',#1457,0.4);
#1457 = AXIS2_PLACEMENT_3D('',#1458,#1459,#1460);
#1458 = CARTESIAN_POINT('',(150.88,-143.99,1.51));
#1459 = DIRECTION('',(-0.,0.,-1.));
#1460 = DIRECTION('',(-0.,-1.,0.));
#1461 = FACE_BOUND('',#1462,.T.);
#1462 = EDGE_LOOP('',(#1463));
#1463 = ORIENTED_EDGE('',*,*,#1464,.T.);
#1464 = EDGE_CURVE('',#1465,#1465,#1467,.T.);
#1465 = VERTEX_POINT('',#1466);
#1466 = CARTESIAN_POINT('',(162.92,-153.35,1.51));
#1467 = CIRCLE('',#1468,0.85);
#1468 = AXIS2_PLACEMENT_3D('',#1469,#1470,#1471);
#1469 = CARTESIAN_POINT('',(162.92,-152.5,1.51));
#1470 = DIRECTION('',(-0.,0.,-1.));
#1471 = DIRECTION('',(-3.343730521224E-14,-1.,0.));
#1472 = FACE_BOUND('',#1473,.T.);
#1473 = EDGE_LOOP('',(#1474));
#1474 = ORIENTED_EDGE('',*,*,#1475,.T.);
#1475 = EDGE_CURVE('',#1476,#1476,#1478,.T.);
#1476 = VERTEX_POINT('',#1477);
#1477 = CARTESIAN_POINT('',(164.19,-150.71,1.51));
#1478 = CIRCLE('',#1479,0.75);
#1479 = AXIS2_PLACEMENT_3D('',#1480,#1481,#1482);
#1480 = CARTESIAN_POINT('',(164.19,-149.96,1.51));
#1481 = DIRECTION('',(-0.,0.,-1.));
#1482 = DIRECTION('',(-0.,-1.,0.));
#1483 = FACE_BOUND('',#1484,.T.);
#1484 = EDGE_LOOP('',(#1485));
#1485 = ORIENTED_EDGE('',*,*,#1486,.T.);
#1486 = EDGE_CURVE('',#1487,#1487,#1489,.T.);
#1487 = VERTEX_POINT('',#1488);
#1488 = CARTESIAN_POINT('',(168.,-154.5,1.51));
#1489 = CIRCLE('',#1490,2.);
#1490 = AXIS2_PLACEMENT_3D('',#1491,#1492,#1493);
#1491 = CARTESIAN_POINT('',(168.,-152.5,1.51));
#1492 = DIRECTION('',(-0.,0.,-1.));
#1493 = DIRECTION('',(-0.,-1.,0.));
#1494 = FACE_BOUND('',#1495,.T.);
#1495 = EDGE_LOOP('',(#1496));
#1496 = ORIENTED_EDGE('',*,*,#1497,.T.);
#1497 = EDGE_CURVE('',#1498,#1498,#1500,.T.);
#1498 = VERTEX_POINT('',#1499);
#1499 = CARTESIAN_POINT('',(173.08,-153.35,1.51));
#1500 = CIRCLE('',#1501,0.85);
#1501 = AXIS2_PLACEMENT_3D('',#1502,#1503,#1504);
#1502 = CARTESIAN_POINT('',(173.08,-152.5,1.51));
#1503 = DIRECTION('',(-0.,0.,-1.));
#1504 = DIRECTION('',(3.343730521224E-14,-1.,-0.));
#1505 = FACE_BOUND('',#1506,.T.);
#1506 = EDGE_LOOP('',(#1507));
#1507 = ORIENTED_EDGE('',*,*,#1508,.T.);
#1508 = EDGE_CURVE('',#1509,#1509,#1511,.T.);
#1509 = VERTEX_POINT('',#1510);
#1510 = CARTESIAN_POINT('',(164.69,-144.4,1.51));
#1511 = CIRCLE('',#1512,0.4);
#1512 = AXIS2_PLACEMENT_3D('',#1513,#1514,#1515);
#1513 = CARTESIAN_POINT('',(164.69,-144.,1.51));
#1514 = DIRECTION('',(-0.,0.,-1.));
#1515 = DIRECTION('',(-0.,-1.,0.));
#1516 = FACE_BOUND('',#1517,.T.);
#1517 = EDGE_LOOP('',(#1518));
#1518 = ORIENTED_EDGE('',*,*,#1519,.T.);
#1519 = EDGE_CURVE('',#1520,#1520,#1522,.T.);
#1520 = VERTEX_POINT('',#1521);
#1521 = CARTESIAN_POINT('',(170.54,-148.17,1.51));
#1522 = CIRCLE('',#1523,0.75);
#1523 = AXIS2_PLACEMENT_3D('',#1524,#1525,#1526);
#1524 = CARTESIAN_POINT('',(170.54,-147.42,1.51));
#1525 = DIRECTION('',(-0.,0.,-1.));
#1526 = DIRECTION('',(-0.,-1.,0.));
#1527 = FACE_BOUND('',#1528,.T.);
#1528 = EDGE_LOOP('',(#1529));
#1529 = ORIENTED_EDGE('',*,*,#1530,.T.);
#1530 = EDGE_CURVE('',#1531,#1531,#1533,.T.);
#1531 = VERTEX_POINT('',#1532);
#1532 = CARTESIAN_POINT('',(172.31,-144.4,1.51));
#1533 = CIRCLE('',#1534,0.4);
#1534 = AXIS2_PLACEMENT_3D('',#1535,#1536,#1537);
#1535 = CARTESIAN_POINT('',(172.31,-144.,1.51));
#1536 = DIRECTION('',(-0.,0.,-1.));
#1537 = DIRECTION('',(-0.,-1.,0.));
#1538 = FACE_BOUND('',#1539,.T.);
#1539 = EDGE_LOOP('',(#1540));
#1540 = ORIENTED_EDGE('',*,*,#1541,.T.);
#1541 = EDGE_CURVE('',#1542,#1542,#1544,.T.);
#1542 = VERTEX_POINT('',#1543);
#1543 = CARTESIAN_POINT('',(147.46,-135.364,1.51));
#1544 = CIRCLE('',#1545,2.);
#1545 = AXIS2_PLACEMENT_3D('',#1546,#1547,#1548);
#1546 = CARTESIAN_POINT('',(147.46,-133.364,1.51));
#1547 = DIRECTION('',(-0.,0.,-1.));
#1548 = DIRECTION('',(-0.,-1.,0.));
#1549 = FACE_BOUND('',#1550,.T.);
#1550 = EDGE_LOOP('',(#1551));
#1551 = ORIENTED_EDGE('',*,*,#1552,.T.);
#1552 = EDGE_CURVE('',#1553,#1553,#1555,.T.);
#1553 = VERTEX_POINT('',#1554);
#1554 = CARTESIAN_POINT('',(152.54,-134.214,1.51));
#1555 = CIRCLE('',#1556,0.85);
#1556 = AXIS2_PLACEMENT_3D('',#1557,#1558,#1559);
#1557 = CARTESIAN_POINT('',(152.54,-133.364,1.51));
#1558 = DIRECTION('',(-0.,0.,-1.));
#1559 = DIRECTION('',(-0.,-1.,0.));
#1560 = FACE_BOUND('',#1561,.T.);
#1561 = EDGE_LOOP('',(#1562));
#1562 = ORIENTED_EDGE('',*,*,#1563,.T.);
#1563 = EDGE_CURVE('',#1564,#1564,#1566,.T.);
#1564 = VERTEX_POINT('',#1565);
#1565 = CARTESIAN_POINT('',(162.92,-134.35,1.51));
#1566 = CIRCLE('',#1567,0.85);
#1567 = AXIS2_PLACEMENT_3D('',#1568,#1569,#1570);
#1568 = CARTESIAN_POINT('',(162.92,-133.5,1.51));
#1569 = DIRECTION('',(-0.,0.,-1.));
#1570 = DIRECTION('',(-3.343730521224E-14,-1.,0.));
#1571 = FACE_BOUND('',#1572,.T.);
#1572 = EDGE_LOOP('',(#1573));
#1573 = ORIENTED_EDGE('',*,*,#1574,.T.);
#1574 = EDGE_CURVE('',#1575,#1575,#1577,.T.);
#1575 = VERTEX_POINT('',#1576);
#1576 = CARTESIAN_POINT('',(164.19,-131.71,1.51));
#1577 = CIRCLE('',#1578,0.75);
#1578 = AXIS2_PLACEMENT_3D('',#1579,#1580,#1581);
#1579 = CARTESIAN_POINT('',(164.19,-130.96,1.51));
#1580 = DIRECTION('',(-0.,0.,-1.));
#1581 = DIRECTION('',(-0.,-1.,0.));
#1582 = FACE_BOUND('',#1583,.T.);
#1583 = EDGE_LOOP('',(#1584));
#1584 = ORIENTED_EDGE('',*,*,#1585,.T.);
#1585 = EDGE_CURVE('',#1586,#1586,#1588,.T.);
#1586 = VERTEX_POINT('',#1587);
#1587 = CARTESIAN_POINT('',(168.,-135.5,1.51));
#1588 = CIRCLE('',#1589,2.);
#1589 = AXIS2_PLACEMENT_3D('',#1590,#1591,#1592);
#1590 = CARTESIAN_POINT('',(168.,-133.5,1.51));
#1591 = DIRECTION('',(-0.,0.,-1.));
#1592 = DIRECTION('',(-0.,-1.,0.));
#1593 = FACE_BOUND('',#1594,.T.);
#1594 = EDGE_LOOP('',(#1595));
#1595 = ORIENTED_EDGE('',*,*,#1596,.T.);
#1596 = EDGE_CURVE('',#1597,#1597,#1599,.T.);
#1597 = VERTEX_POINT('',#1598);
#1598 = CARTESIAN_POINT('',(173.08,-134.35,1.51));
#1599 = CIRCLE('',#1600,0.85);
#1600 = AXIS2_PLACEMENT_3D('',#1601,#1602,#1603);
#1601 = CARTESIAN_POINT('',(173.08,-133.5,1.51));
#1602 = DIRECTION('',(-0.,0.,-1.));
#1603 = DIRECTION('',(3.343730521224E-14,-1.,-0.));
#1604 = FACE_BOUND('',#1605,.T.);
#1605 = EDGE_LOOP('',(#1606));
#1606 = ORIENTED_EDGE('',*,*,#1607,.T.);
#1607 = EDGE_CURVE('',#1608,#1608,#1610,.T.);
#1608 = VERTEX_POINT('',#1609);
#1609 = CARTESIAN_POINT('',(122.88,-125.4,1.51));
#1610 = CIRCLE('',#1611,0.4);
#1611 = AXIS2_PLACEMENT_3D('',#1612,#1613,#1614);
#1612 = CARTESIAN_POINT('',(122.88,-125.,1.51));
#1613 = DIRECTION('',(-0.,0.,-1.));
#1614 = DIRECTION('',(-0.,-1.,0.));
#1615 = FACE_BOUND('',#1616,.T.);
#1616 = EDGE_LOOP('',(#1617));
#1617 = ORIENTED_EDGE('',*,*,#1618,.T.);
#1618 = EDGE_CURVE('',#1619,#1619,#1621,.T.);
#1619 = VERTEX_POINT('',#1620);
#1620 = CARTESIAN_POINT('',(129.23,-129.17,1.51));
#1621 = CIRCLE('',#1622,0.75);
#1622 = AXIS2_PLACEMENT_3D('',#1623,#1624,#1625);
#1623 = CARTESIAN_POINT('',(129.23,-128.42,1.51));
#1624 = DIRECTION('',(-0.,0.,-1.));
#1625 = DIRECTION('',(-0.,-1.,0.));
#1626 = FACE_BOUND('',#1627,.T.);
#1627 = EDGE_LOOP('',(#1628));
#1628 = ORIENTED_EDGE('',*,*,#1629,.T.);
#1629 = EDGE_CURVE('',#1630,#1630,#1632,.T.);
#1630 = VERTEX_POINT('',#1631);
#1631 = CARTESIAN_POINT('',(130.5,-125.4,1.51));
#1632 = CIRCLE('',#1633,0.4);
#1633 = AXIS2_PLACEMENT_3D('',#1634,#1635,#1636);
#1634 = CARTESIAN_POINT('',(130.5,-125.,1.51));
#1635 = DIRECTION('',(-0.,0.,-1.));
#1636 = DIRECTION('',(-0.,-1.,0.));
#1637 = FACE_BOUND('',#1638,.T.);
#1638 = EDGE_LOOP('',(#1639));
#1639 = ORIENTED_EDGE('',*,*,#1640,.T.);
#1640 = EDGE_CURVE('',#1641,#1641,#1643,.T.);
#1641 = VERTEX_POINT('',#1642);
#1642 = CARTESIAN_POINT('',(144.23,-125.264,1.51));
#1643 = CIRCLE('',#1644,0.4);
#1644 = AXIS2_PLACEMENT_3D('',#1645,#1646,#1647);
#1645 = CARTESIAN_POINT('',(144.23,-124.864,1.51));
#1646 = DIRECTION('',(-0.,0.,-1.));
#1647 = DIRECTION('',(-7.105427357601E-14,-1.,0.));
#1648 = FACE_BOUND('',#1649,.T.);
#1649 = EDGE_LOOP('',(#1650));
#1650 = ORIENTED_EDGE('',*,*,#1651,.T.);
#1651 = EDGE_CURVE('',#1652,#1652,#1654,.T.);
#1652 = VERTEX_POINT('',#1653);
#1653 = CARTESIAN_POINT('',(121.61,-115.35,1.51));
#1654 = CIRCLE('',#1655,0.85);
#1655 = AXIS2_PLACEMENT_3D('',#1656,#1657,#1658);
#1656 = CARTESIAN_POINT('',(121.61,-114.5,1.51));
#1657 = DIRECTION('',(-0.,0.,-1.));
#1658 = DIRECTION('',(-0.,-1.,0.));
#1659 = FACE_BOUND('',#1660,.T.);
#1660 = EDGE_LOOP('',(#1661));
#1661 = ORIENTED_EDGE('',*,*,#1662,.T.);
#1662 = EDGE_CURVE('',#1663,#1663,#1665,.T.);
#1663 = VERTEX_POINT('',#1664);
#1664 = CARTESIAN_POINT('',(122.88,-112.71,1.51));
#1665 = CIRCLE('',#1666,0.75);
#1666 = AXIS2_PLACEMENT_3D('',#1667,#1668,#1669);
#1667 = CARTESIAN_POINT('',(122.88,-111.96,1.51));
#1668 = DIRECTION('',(-0.,0.,-1.));
#1669 = DIRECTION('',(-0.,-1.,0.));
#1670 = FACE_BOUND('',#1671,.T.);
#1671 = EDGE_LOOP('',(#1672));
#1672 = ORIENTED_EDGE('',*,*,#1673,.T.);
#1673 = EDGE_CURVE('',#1674,#1674,#1676,.T.);
#1674 = VERTEX_POINT('',#1675);
#1675 = CARTESIAN_POINT('',(126.69,-116.5,1.51));
#1676 = CIRCLE('',#1677,2.);
#1677 = AXIS2_PLACEMENT_3D('',#1678,#1679,#1680);
#1678 = CARTESIAN_POINT('',(126.69,-114.5,1.51));
#1679 = DIRECTION('',(-0.,0.,-1.));
#1680 = DIRECTION('',(-0.,-1.,0.));
#1681 = FACE_BOUND('',#1682,.T.);
#1682 = EDGE_LOOP('',(#1683));
#1683 = ORIENTED_EDGE('',*,*,#1684,.T.);
#1684 = EDGE_CURVE('',#1685,#1685,#1687,.T.);
#1685 = VERTEX_POINT('',#1686);
#1686 = CARTESIAN_POINT('',(131.77,-115.35,1.51));
#1687 = CIRCLE('',#1688,0.85);
#1688 = AXIS2_PLACEMENT_3D('',#1689,#1690,#1691);
#1689 = CARTESIAN_POINT('',(131.77,-114.5,1.51));
#1690 = DIRECTION('',(-0.,0.,-1.));
#1691 = DIRECTION('',(3.343730521224E-14,-1.,-0.));
#1692 = FACE_BOUND('',#1693,.T.);
#1693 = EDGE_LOOP('',(#1694));
#1694 = ORIENTED_EDGE('',*,*,#1695,.T.);
#1695 = EDGE_CURVE('',#1696,#1696,#1698,.T.);
#1696 = VERTEX_POINT('',#1697);
#1697 = CARTESIAN_POINT('',(122.96,-106.4,1.51));
#1698 = CIRCLE('',#1699,0.4);
#1699 = AXIS2_PLACEMENT_3D('',#1700,#1701,#1702);
#1700 = CARTESIAN_POINT('',(122.96,-106.,1.51));
#1701 = DIRECTION('',(-0.,0.,-1.));
#1702 = DIRECTION('',(-3.552713678801E-14,-1.,0.));
#1703 = FACE_BOUND('',#1704,.T.);
#1704 = EDGE_LOOP('',(#1705));
#1705 = ORIENTED_EDGE('',*,*,#1706,.T.);
#1706 = EDGE_CURVE('',#1707,#1707,#1709,.T.);
#1707 = VERTEX_POINT('',#1708);
#1708 = CARTESIAN_POINT('',(129.23,-110.17,1.51));
#1709 = CIRCLE('',#1710,0.75);
#1710 = AXIS2_PLACEMENT_3D('',#1711,#1712,#1713);
#1711 = CARTESIAN_POINT('',(129.23,-109.42,1.51));
#1712 = DIRECTION('',(-0.,0.,-1.));
#1713 = DIRECTION('',(-0.,-1.,0.));
#1714 = FACE_BOUND('',#1715,.T.);
#1715 = EDGE_LOOP('',(#1716));
#1716 = ORIENTED_EDGE('',*,*,#1717,.T.);
#1717 = EDGE_CURVE('',#1718,#1718,#1720,.T.);
#1718 = VERTEX_POINT('',#1719);
#1719 = CARTESIAN_POINT('',(130.58,-106.4,1.51));
#1720 = CIRCLE('',#1721,0.4);
#1721 = AXIS2_PLACEMENT_3D('',#1722,#1723,#1724);
#1722 = CARTESIAN_POINT('',(130.58,-106.,1.51));
#1723 = DIRECTION('',(-0.,0.,-1.));
#1724 = DIRECTION('',(7.105427357601E-14,-1.,-0.));
#1725 = FACE_BOUND('',#1726,.T.);
#1726 = EDGE_LOOP('',(#1727));
#1727 = ORIENTED_EDGE('',*,*,#1728,.T.);
#1728 = EDGE_CURVE('',#1729,#1729,#1731,.T.);
#1729 = VERTEX_POINT('',#1730);
#1730 = CARTESIAN_POINT('',(150.,-129.034,1.51));
#1731 = CIRCLE('',#1732,0.75);
#1732 = AXIS2_PLACEMENT_3D('',#1733,#1734,#1735);
#1733 = CARTESIAN_POINT('',(150.,-128.284,1.51));
#1734 = DIRECTION('',(-0.,0.,-1.));
#1735 = DIRECTION('',(-0.,-1.,0.));
#1736 = FACE_BOUND('',#1737,.T.);
#1737 = EDGE_LOOP('',(#1738));
#1738 = ORIENTED_EDGE('',*,*,#1739,.T.);
#1739 = EDGE_CURVE('',#1740,#1740,#1742,.T.);
#1740 = VERTEX_POINT('',#1741);
#1741 = CARTESIAN_POINT('',(151.85,-125.264,1.51));
#1742 = CIRCLE('',#1743,0.4);
#1743 = AXIS2_PLACEMENT_3D('',#1744,#1745,#1746);
#1744 = CARTESIAN_POINT('',(151.85,-124.864,1.51));
#1745 = DIRECTION('',(-0.,0.,-1.));
#1746 = DIRECTION('',(-0.,-1.,0.));
#1747 = FACE_BOUND('',#1748,.T.);
#1748 = EDGE_LOOP('',(#1749));
#1749 = ORIENTED_EDGE('',*,*,#1750,.T.);
#1750 = EDGE_CURVE('',#1751,#1751,#1753,.T.);
#1751 = VERTEX_POINT('',#1752);
#1752 = CARTESIAN_POINT('',(164.27,-125.4,1.51));
#1753 = CIRCLE('',#1754,0.4);
#1754 = AXIS2_PLACEMENT_3D('',#1755,#1756,#1757);
#1755 = CARTESIAN_POINT('',(164.27,-125.,1.51));
#1756 = DIRECTION('',(-0.,0.,-1.));
#1757 = DIRECTION('',(7.105427357601E-14,-1.,-0.));
#1758 = FACE_BOUND('',#1759,.T.);
#1759 = EDGE_LOOP('',(#1760));
#1760 = ORIENTED_EDGE('',*,*,#1761,.T.);
#1761 = EDGE_CURVE('',#1762,#1762,#1764,.T.);
#1762 = VERTEX_POINT('',#1763);
#1763 = CARTESIAN_POINT('',(170.54,-129.17,1.51));
#1764 = CIRCLE('',#1765,0.75);
#1765 = AXIS2_PLACEMENT_3D('',#1766,#1767,#1768);
#1766 = CARTESIAN_POINT('',(170.54,-128.42,1.51));
#1767 = DIRECTION('',(-0.,0.,-1.));
#1768 = DIRECTION('',(-0.,-1.,0.));
#1769 = FACE_BOUND('',#1770,.T.);
#1770 = EDGE_LOOP('',(#1771));
#1771 = ORIENTED_EDGE('',*,*,#1772,.T.);
#1772 = EDGE_CURVE('',#1773,#1773,#1775,.T.);
#1773 = VERTEX_POINT('',#1774);
#1774 = CARTESIAN_POINT('',(171.89,-125.4,1.51));
#1775 = CIRCLE('',#1776,0.4);
#1776 = AXIS2_PLACEMENT_3D('',#1777,#1778,#1779);
#1777 = CARTESIAN_POINT('',(171.89,-125.,1.51));
#1778 = DIRECTION('',(-0.,0.,-1.));
#1779 = DIRECTION('',(-0.,-1.,0.));
#1780 = FACE_BOUND('',#1781,.T.);
#1781 = EDGE_LOOP('',(#1782));
#1782 = ORIENTED_EDGE('',*,*,#1783,.T.);
#1783 = EDGE_CURVE('',#1784,#1784,#1786,.T.);
#1784 = VERTEX_POINT('',#1785);
#1785 = CARTESIAN_POINT('',(162.92,-115.35,1.51));
#1786 = CIRCLE('',#1787,0.85);
#1787 = AXIS2_PLACEMENT_3D('',#1788,#1789,#1790);
#1788 = CARTESIAN_POINT('',(162.92,-114.5,1.51));
#1789 = DIRECTION('',(-0.,0.,-1.));
#1790 = DIRECTION('',(-3.343730521224E-14,-1.,0.));
#1791 = FACE_BOUND('',#1792,.T.);
#1792 = EDGE_LOOP('',(#1793));
#1793 = ORIENTED_EDGE('',*,*,#1794,.T.);
#1794 = EDGE_CURVE('',#1795,#1795,#1797,.T.);
#1795 = VERTEX_POINT('',#1796);
#1796 = CARTESIAN_POINT('',(164.19,-112.71,1.51));
#1797 = CIRCLE('',#1798,0.75);
#1798 = AXIS2_PLACEMENT_3D('',#1799,#1800,#1801);
#1799 = CARTESIAN_POINT('',(164.19,-111.96,1.51));
#1800 = DIRECTION('',(-0.,0.,-1.));
#1801 = DIRECTION('',(-0.,-1.,0.));
#1802 = FACE_BOUND('',#1803,.T.);
#1803 = EDGE_LOOP('',(#1804));
#1804 = ORIENTED_EDGE('',*,*,#1805,.T.);
#1805 = EDGE_CURVE('',#1806,#1806,#1808,.T.);
#1806 = VERTEX_POINT('',#1807);
#1807 = CARTESIAN_POINT('',(168.,-116.5,1.51));
#1808 = CIRCLE('',#1809,2.);
#1809 = AXIS2_PLACEMENT_3D('',#1810,#1811,#1812);
#1810 = CARTESIAN_POINT('',(168.,-114.5,1.51));
#1811 = DIRECTION('',(-0.,0.,-1.));
#1812 = DIRECTION('',(-0.,-1.,0.));
#1813 = FACE_BOUND('',#1814,.T.);
#1814 = EDGE_LOOP('',(#1815));
#1815 = ORIENTED_EDGE('',*,*,#1816,.T.);
#1816 = EDGE_CURVE('',#1817,#1817,#1819,.T.);
#1817 = VERTEX_POINT('',#1818);
#1818 = CARTESIAN_POINT('',(173.08,-115.35,1.51));
#1819 = CIRCLE('',#1820,0.85);
#1820 = AXIS2_PLACEMENT_3D('',#1821,#1822,#1823);
#1821 = CARTESIAN_POINT('',(173.08,-114.5,1.51));
#1822 = DIRECTION('',(-0.,0.,-1.));
#1823 = DIRECTION('',(3.343730521224E-14,-1.,-0.));
#1824 = FACE_BOUND('',#1825,.T.);
#1825 = EDGE_LOOP('',(#1826));
#1826 = ORIENTED_EDGE('',*,*,#1827,.T.);
#1827 = EDGE_CURVE('',#1828,#1828,#1830,.T.);
#1828 = VERTEX_POINT('',#1829);
#1829 = CARTESIAN_POINT('',(163.69,-106.4,1.51));
#1830 = CIRCLE('',#1831,0.4);
#1831 = AXIS2_PLACEMENT_3D('',#1832,#1833,#1834);
#1832 = CARTESIAN_POINT('',(163.69,-106.,1.51));
#1833 = DIRECTION('',(-0.,0.,-1.));
#1834 = DIRECTION('',(-0.,-1.,0.));
#1835 = FACE_BOUND('',#1836,.T.);
#1836 = EDGE_LOOP('',(#1837));
#1837 = ORIENTED_EDGE('',*,*,#1838,.T.);
#1838 = EDGE_CURVE('',#1839,#1839,#1841,.T.);
#1839 = VERTEX_POINT('',#1840);
#1840 = CARTESIAN_POINT('',(170.54,-110.17,1.51));
#1841 = CIRCLE('',#1842,0.75);
#1842 = AXIS2_PLACEMENT_3D('',#1843,#1844,#1845);
#1843 = CARTESIAN_POINT('',(170.54,-109.42,1.51));
#1844 = DIRECTION('',(-0.,0.,-1.));
#1845 = DIRECTION('',(-0.,-1.,0.));
#1846 = FACE_BOUND('',#1847,.T.);
#1847 = EDGE_LOOP('',(#1848));
#1848 = ORIENTED_EDGE('',*,*,#1849,.T.);
#1849 = EDGE_CURVE('',#1850,#1850,#1852,.T.);
#1850 = VERTEX_POINT('',#1851);
#1851 = CARTESIAN_POINT('',(171.31,-106.4,1.51));
#1852 = CIRCLE('',#1853,0.4);
#1853 = AXIS2_PLACEMENT_3D('',#1854,#1855,#1856);
#1854 = CARTESIAN_POINT('',(171.31,-106.,1.51));
#1855 = DIRECTION('',(-0.,0.,-1.));
#1856 = DIRECTION('',(-0.,-1.,0.));
#1857 = PLANE('',#1858);
#1858 = AXIS2_PLACEMENT_3D('',#1859,#1860,#1861);
#1859 = CARTESIAN_POINT('',(0.,0.,1.51));
#1860 = DIRECTION('',(0.,0.,1.));
#1861 = DIRECTION('',(1.,0.,-0.));
#1862 = ADVANCED_FACE('',(#1863),#1869,.T.);
#1863 = FACE_BOUND('',#1864,.T.);
#1864 = EDGE_LOOP('',(#1865,#1866,#1867,#1868));
#1865 = ORIENTED_EDGE('',*,*,#578,.T.);
#1866 = ORIENTED_EDGE('',*,*,#1235,.T.);
#1867 = ORIENTED_EDGE('',*,*,#538,.F.);
#1868 = ORIENTED_EDGE('',*,*,#602,.F.);
#1869 = PLANE('',#1870);
#1870 = AXIS2_PLACEMENT_3D('',#1871,#1872,#1873);
#1871 = CARTESIAN_POINT('',(116.,-99.5,0.));
#1872 = DIRECTION('',(0.,1.,0.));
#1873 = DIRECTION('',(1.,0.,0.));
#1874 = ADVANCED_FACE('',(#1875),#1886,.F.);
#1875 = FACE_BOUND('',#1876,.T.);
#1876 = EDGE_LOOP('',(#1877,#1878,#1884,#1885));
#1877 = ORIENTED_EDGE('',*,*,#611,.T.);
#1878 = ORIENTED_EDGE('',*,*,#1879,.T.);
#1879 = EDGE_CURVE('',#612,#1245,#1880,.T.);
#1880 = LINE('',#1881,#1882);
#1881 = CARTESIAN_POINT('',(121.61,-153.35,-4.6E-02));
#1882 = VECTOR('',#1883,1.);
#1883 = DIRECTION('',(0.,0.,1.));
#1884 = ORIENTED_EDGE('',*,*,#1244,.F.);
#1885 = ORIENTED_EDGE('',*,*,#1879,.F.);
#1886 = CYLINDRICAL_SURFACE('',#1887,0.85);
#1887 = AXIS2_PLACEMENT_3D('',#1888,#1889,#1890);
#1888 = CARTESIAN_POINT('',(121.61,-152.5,-4.6E-02));
#1889 = DIRECTION('',(-0.,-0.,-1.));
#1890 = DIRECTION('',(-0.,-1.,0.));
#1891 = ADVANCED_FACE('',(#1892),#1903,.F.);
#1892 = FACE_BOUND('',#1893,.T.);
#1893 = EDGE_LOOP('',(#1894,#1895,#1901,#1902));
#1894 = ORIENTED_EDGE('',*,*,#622,.T.);
#1895 = ORIENTED_EDGE('',*,*,#1896,.T.);
#1896 = EDGE_CURVE('',#623,#1256,#1897,.T.);
#1897 = LINE('',#1898,#1899);
#1898 = CARTESIAN_POINT('',(126.69,-154.5,-4.6E-02));
#1899 = VECTOR('',#1900,1.);
#1900 = DIRECTION('',(0.,0.,1.));
#1901 = ORIENTED_EDGE('',*,*,#1255,.F.);
#1902 = ORIENTED_EDGE('',*,*,#1896,.F.);
#1903 = CYLINDRICAL_SURFACE('',#1904,2.);
#1904 = AXIS2_PLACEMENT_3D('',#1905,#1906,#1907);
#1905 = CARTESIAN_POINT('',(126.69,-152.5,-4.6E-02));
#1906 = DIRECTION('',(-0.,-0.,-1.));
#1907 = DIRECTION('',(-0.,-1.,0.));
#1908 = ADVANCED_FACE('',(#1909),#1920,.F.);
#1909 = FACE_BOUND('',#1910,.T.);
#1910 = EDGE_LOOP('',(#1911,#1912,#1918,#1919));
#1911 = ORIENTED_EDGE('',*,*,#633,.T.);
#1912 = ORIENTED_EDGE('',*,*,#1913,.T.);
#1913 = EDGE_CURVE('',#634,#1267,#1914,.T.);
#1914 = LINE('',#1915,#1916);
#1915 = CARTESIAN_POINT('',(122.88,-150.71,-4.6E-02));
#1916 = VECTOR('',#1917,1.);
#1917 = DIRECTION('',(0.,0.,1.));
#1918 = ORIENTED_EDGE('',*,*,#1266,.F.);
#1919 = ORIENTED_EDGE('',*,*,#1913,.F.);
#1920 = CYLINDRICAL_SURFACE('',#1921,0.75);
#1921 = AXIS2_PLACEMENT_3D('',#1922,#1923,#1924);
#1922 = CARTESIAN_POINT('',(122.88,-149.96,-4.6E-02));
#1923 = DIRECTION('',(-0.,-0.,-1.));
#1924 = DIRECTION('',(-0.,-1.,0.));
#1925 = ADVANCED_FACE('',(#1926),#1937,.F.);
#1926 = FACE_BOUND('',#1927,.T.);
#1927 = EDGE_LOOP('',(#1928,#1929,#1935,#1936));
#1928 = ORIENTED_EDGE('',*,*,#644,.T.);
#1929 = ORIENTED_EDGE('',*,*,#1930,.T.);
#1930 = EDGE_CURVE('',#645,#1278,#1931,.T.);
#1931 = LINE('',#1932,#1933);
#1932 = CARTESIAN_POINT('',(131.77,-153.35,-4.6E-02));
#1933 = VECTOR('',#1934,1.);
#1934 = DIRECTION('',(0.,0.,1.));
#1935 = ORIENTED_EDGE('',*,*,#1277,.F.);
#1936 = ORIENTED_EDGE('',*,*,#1930,.F.);
#1937 = CYLINDRICAL_SURFACE('',#1938,0.85);
#1938 = AXIS2_PLACEMENT_3D('',#1939,#1940,#1941);
#1939 = CARTESIAN_POINT('',(131.77,-152.5,-4.6E-02));
#1940 = DIRECTION('',(-0.,0.,-1.));
#1941 = DIRECTION('',(3.343730521224E-14,-1.,-0.));
#1942 = ADVANCED_FACE('',(#1943),#1954,.F.);
#1943 = FACE_BOUND('',#1944,.T.);
#1944 = EDGE_LOOP('',(#1945,#1946,#1952,#1953));
#1945 = ORIENTED_EDGE('',*,*,#655,.T.);
#1946 = ORIENTED_EDGE('',*,*,#1947,.T.);
#1947 = EDGE_CURVE('',#656,#1289,#1948,.T.);
#1948 = LINE('',#1949,#1950);
#1949 = CARTESIAN_POINT('',(123.38,-144.4,-4.6E-02));
#1950 = VECTOR('',#1951,1.);
#1951 = DIRECTION('',(0.,0.,1.));
#1952 = ORIENTED_EDGE('',*,*,#1288,.F.);
#1953 = ORIENTED_EDGE('',*,*,#1947,.F.);
#1954 = CYLINDRICAL_SURFACE('',#1955,0.4);
#1955 = AXIS2_PLACEMENT_3D('',#1956,#1957,#1958);
#1956 = CARTESIAN_POINT('',(123.38,-144.,-4.6E-02));
#1957 = DIRECTION('',(-0.,-0.,-1.));
#1958 = DIRECTION('',(-0.,-1.,0.));
#1959 = ADVANCED_FACE('',(#1960),#1971,.F.);
#1960 = FACE_BOUND('',#1961,.T.);
#1961 = EDGE_LOOP('',(#1962,#1963,#1969,#1970));
#1962 = ORIENTED_EDGE('',*,*,#666,.T.);
#1963 = ORIENTED_EDGE('',*,*,#1964,.T.);
#1964 = EDGE_CURVE('',#667,#1300,#1965,.T.);
#1965 = LINE('',#1966,#1967);
#1966 = CARTESIAN_POINT('',(129.23,-148.17,-4.6E-02));
#1967 = VECTOR('',#1968,1.);
#1968 = DIRECTION('',(0.,0.,1.));
#1969 = ORIENTED_EDGE('',*,*,#1299,.F.);
#1970 = ORIENTED_EDGE('',*,*,#1964,.F.);
#1971 = CYLINDRICAL_SURFACE('',#1972,0.75);
#1972 = AXIS2_PLACEMENT_3D('',#1973,#1974,#1975);
#1973 = CARTESIAN_POINT('',(129.23,-147.42,-4.6E-02));
#1974 = DIRECTION('',(-0.,-0.,-1.));
#1975 = DIRECTION('',(-0.,-1.,0.));
#1976 = ADVANCED_FACE('',(#1977),#1988,.F.);
#1977 = FACE_BOUND('',#1978,.T.);
#1978 = EDGE_LOOP('',(#1979,#1980,#1986,#1987));
#1979 = ORIENTED_EDGE('',*,*,#677,.T.);
#1980 = ORIENTED_EDGE('',*,*,#1981,.T.);
#1981 = EDGE_CURVE('',#678,#1311,#1982,.T.);
#1982 = LINE('',#1983,#1984);
#1983 = CARTESIAN_POINT('',(131.,-144.4,-4.6E-02));
#1984 = VECTOR('',#1985,1.);
#1985 = DIRECTION('',(0.,0.,1.));
#1986 = ORIENTED_EDGE('',*,*,#1310,.F.);
#1987 = ORIENTED_EDGE('',*,*,#1981,.F.);
#1988 = CYLINDRICAL_SURFACE('',#1989,0.4);
#1989 = AXIS2_PLACEMENT_3D('',#1990,#1991,#1992);
#1990 = CARTESIAN_POINT('',(131.,-144.,-4.6E-02));
#1991 = DIRECTION('',(-0.,-0.,-1.));
#1992 = DIRECTION('',(-0.,-1.,0.));
#1993 = ADVANCED_FACE('',(#1994),#2005,.F.);
#1994 = FACE_BOUND('',#1995,.T.);
#1995 = EDGE_LOOP('',(#1996,#1997,#2003,#2004));
#1996 = ORIENTED_EDGE('',*,*,#688,.T.);
#1997 = ORIENTED_EDGE('',*,*,#1998,.T.);
#1998 = EDGE_CURVE('',#689,#1322,#1999,.T.);
#1999 = LINE('',#2000,#2001);
#2000 = CARTESIAN_POINT('',(142.38,-153.43,-4.6E-02));
#2001 = VECTOR('',#2002,1.);
#2002 = DIRECTION('',(0.,0.,1.));
#2003 = ORIENTED_EDGE('',*,*,#1321,.F.);
#2004 = ORIENTED_EDGE('',*,*,#1998,.F.);
#2005 = CYLINDRICAL_SURFACE('',#2006,0.85);
#2006 = AXIS2_PLACEMENT_3D('',#2007,#2008,#2009);
#2007 = CARTESIAN_POINT('',(142.38,-152.58,-4.6E-02));
#2008 = DIRECTION('',(-0.,-0.,-1.));
#2009 = DIRECTION('',(-0.,-1.,0.));
#2010 = ADVANCED_FACE('',(#2011),#2022,.F.);
#2011 = FACE_BOUND('',#2012,.T.);
#2012 = EDGE_LOOP('',(#2013,#2014,#2020,#2021));
#2013 = ORIENTED_EDGE('',*,*,#699,.T.);
#2014 = ORIENTED_EDGE('',*,*,#2015,.T.);
#2015 = EDGE_CURVE('',#700,#1333,#2016,.T.);
#2016 = LINE('',#2017,#2018);
#2017 = CARTESIAN_POINT('',(143.65,-150.79,-4.6E-02));
#2018 = VECTOR('',#2019,1.);
#2019 = DIRECTION('',(0.,0.,1.));
#2020 = ORIENTED_EDGE('',*,*,#1332,.F.);
#2021 = ORIENTED_EDGE('',*,*,#2015,.F.);
#2022 = CYLINDRICAL_SURFACE('',#2023,0.75);
#2023 = AXIS2_PLACEMENT_3D('',#2024,#2025,#2026);
#2024 = CARTESIAN_POINT('',(143.65,-150.04,-4.6E-02));
#2025 = DIRECTION('',(-0.,-0.,-1.));
#2026 = DIRECTION('',(-0.,-1.,0.));
#2027 = ADVANCED_FACE('',(#2028),#2039,.F.);
#2028 = FACE_BOUND('',#2029,.T.);
#2029 = EDGE_LOOP('',(#2030,#2031,#2037,#2038));
#2030 = ORIENTED_EDGE('',*,*,#710,.T.);
#2031 = ORIENTED_EDGE('',*,*,#2032,.T.);
#2032 = EDGE_CURVE('',#711,#1344,#2033,.T.);
#2033 = LINE('',#2034,#2035);
#2034 = CARTESIAN_POINT('',(143.26,-144.39,-4.6E-02));
#2035 = VECTOR('',#2036,1.);
#2036 = DIRECTION('',(0.,0.,1.));
#2037 = ORIENTED_EDGE('',*,*,#1343,.F.);
#2038 = ORIENTED_EDGE('',*,*,#2032,.F.);
#2039 = CYLINDRICAL_SURFACE('',#2040,0.4);
#2040 = AXIS2_PLACEMENT_3D('',#2041,#2042,#2043);
#2041 = CARTESIAN_POINT('',(143.26,-143.99,-4.6E-02));
#2042 = DIRECTION('',(-0.,-0.,-1.));
#2043 = DIRECTION('',(-0.,-1.,0.));
#2044 = ADVANCED_FACE('',(#2045),#2056,.F.);
#2045 = FACE_BOUND('',#2046,.T.);
#2046 = EDGE_LOOP('',(#2047,#2048,#2054,#2055));
#2047 = ORIENTED_EDGE('',*,*,#721,.T.);
#2048 = ORIENTED_EDGE('',*,*,#2049,.T.);
#2049 = EDGE_CURVE('',#722,#1355,#2050,.T.);
#2050 = LINE('',#2051,#2052);
#2051 = CARTESIAN_POINT('',(121.61,-134.35,-4.6E-02));
#2052 = VECTOR('',#2053,1.);
#2053 = DIRECTION('',(0.,0.,1.));
#2054 = ORIENTED_EDGE('',*,*,#1354,.F.);
#2055 = ORIENTED_EDGE('',*,*,#2049,.F.);
#2056 = CYLINDRICAL_SURFACE('',#2057,0.85);
#2057 = AXIS2_PLACEMENT_3D('',#2058,#2059,#2060);
#2058 = CARTESIAN_POINT('',(121.61,-133.5,-4.6E-02));
#2059 = DIRECTION('',(-0.,-0.,-1.));
#2060 = DIRECTION('',(-0.,-1.,0.));
#2061 = ADVANCED_FACE('',(#2062),#2073,.F.);
#2062 = FACE_BOUND('',#2063,.T.);
#2063 = EDGE_LOOP('',(#2064,#2065,#2071,#2072));
#2064 = ORIENTED_EDGE('',*,*,#732,.T.);
#2065 = ORIENTED_EDGE('',*,*,#2066,.T.);
#2066 = EDGE_CURVE('',#733,#1366,#2067,.T.);
#2067 = LINE('',#2068,#2069);
#2068 = CARTESIAN_POINT('',(126.69,-135.5,-4.6E-02));
#2069 = VECTOR('',#2070,1.);
#2070 = DIRECTION('',(0.,0.,1.));
#2071 = ORIENTED_EDGE('',*,*,#1365,.F.);
#2072 = ORIENTED_EDGE('',*,*,#2066,.F.);
#2073 = CYLINDRICAL_SURFACE('',#2074,2.);
#2074 = AXIS2_PLACEMENT_3D('',#2075,#2076,#2077);
#2075 = CARTESIAN_POINT('',(126.69,-133.5,-4.6E-02));
#2076 = DIRECTION('',(-0.,-0.,-1.));
#2077 = DIRECTION('',(-0.,-1.,0.));
#2078 = ADVANCED_FACE('',(#2079),#2090,.F.);
#2079 = FACE_BOUND('',#2080,.T.);
#2080 = EDGE_LOOP('',(#2081,#2082,#2088,#2089));
#2081 = ORIENTED_EDGE('',*,*,#743,.T.);
#2082 = ORIENTED_EDGE('',*,*,#2083,.T.);
#2083 = EDGE_CURVE('',#744,#1377,#2084,.T.);
#2084 = LINE('',#2085,#2086);
#2085 = CARTESIAN_POINT('',(122.88,-131.71,-4.6E-02));
#2086 = VECTOR('',#2087,1.);
#2087 = DIRECTION('',(0.,0.,1.));
#2088 = ORIENTED_EDGE('',*,*,#1376,.F.);
#2089 = ORIENTED_EDGE('',*,*,#2083,.F.);
#2090 = CYLINDRICAL_SURFACE('',#2091,0.75);
#2091 = AXIS2_PLACEMENT_3D('',#2092,#2093,#2094);
#2092 = CARTESIAN_POINT('',(122.88,-130.96,-4.6E-02));
#2093 = DIRECTION('',(-0.,-0.,-1.));
#2094 = DIRECTION('',(-0.,-1.,0.));
#2095 = ADVANCED_FACE('',(#2096),#2107,.F.);
#2096 = FACE_BOUND('',#2097,.T.);
#2097 = EDGE_LOOP('',(#2098,#2099,#2105,#2106));
#2098 = ORIENTED_EDGE('',*,*,#754,.T.);
#2099 = ORIENTED_EDGE('',*,*,#2100,.T.);
#2100 = EDGE_CURVE('',#755,#1388,#2101,.T.);
#2101 = LINE('',#2102,#2103);
#2102 = CARTESIAN_POINT('',(131.77,-134.35,-4.6E-02));
#2103 = VECTOR('',#2104,1.);
#2104 = DIRECTION('',(0.,0.,1.));
#2105 = ORIENTED_EDGE('',*,*,#1387,.F.);
#2106 = ORIENTED_EDGE('',*,*,#2100,.F.);
#2107 = CYLINDRICAL_SURFACE('',#2108,0.85);
#2108 = AXIS2_PLACEMENT_3D('',#2109,#2110,#2111);
#2109 = CARTESIAN_POINT('',(131.77,-133.5,-4.6E-02));
#2110 = DIRECTION('',(-0.,0.,-1.));
#2111 = DIRECTION('',(3.343730521224E-14,-1.,-0.));
#2112 = ADVANCED_FACE('',(#2113),#2124,.F.);
#2113 = FACE_BOUND('',#2114,.T.);
#2114 = EDGE_LOOP('',(#2115,#2116,#2122,#2123));
#2115 = ORIENTED_EDGE('',*,*,#765,.T.);
#2116 = ORIENTED_EDGE('',*,*,#2117,.T.);
#2117 = EDGE_CURVE('',#766,#1399,#2118,.T.);
#2118 = LINE('',#2119,#2120);
#2119 = CARTESIAN_POINT('',(142.38,-134.214,-4.6E-02));
#2120 = VECTOR('',#2121,1.);
#2121 = DIRECTION('',(0.,0.,1.));
#2122 = ORIENTED_EDGE('',*,*,#1398,.F.);
#2123 = ORIENTED_EDGE('',*,*,#2117,.F.);
#2124 = CYLINDRICAL_SURFACE('',#2125,0.85);
#2125 = AXIS2_PLACEMENT_3D('',#2126,#2127,#2128);
#2126 = CARTESIAN_POINT('',(142.38,-133.364,-4.6E-02));
#2127 = DIRECTION('',(-0.,-0.,-1.));
#2128 = DIRECTION('',(-0.,-1.,0.));
#2129 = ADVANCED_FACE('',(#2130),#2141,.F.);
#2130 = FACE_BOUND('',#2131,.T.);
#2131 = EDGE_LOOP('',(#2132,#2133,#2139,#2140));
#2132 = ORIENTED_EDGE('',*,*,#776,.T.);
#2133 = ORIENTED_EDGE('',*,*,#2134,.T.);
#2134 = EDGE_CURVE('',#777,#1410,#2135,.T.);
#2135 = LINE('',#2136,#2137);
#2136 = CARTESIAN_POINT('',(143.65,-131.574,-4.6E-02));
#2137 = VECTOR('',#2138,1.);
#2138 = DIRECTION('',(0.,0.,1.));
#2139 = ORIENTED_EDGE('',*,*,#1409,.F.);
#2140 = ORIENTED_EDGE('',*,*,#2134,.F.);
#2141 = CYLINDRICAL_SURFACE('',#2142,0.75);
#2142 = AXIS2_PLACEMENT_3D('',#2143,#2144,#2145);
#2143 = CARTESIAN_POINT('',(143.65,-130.824,-4.6E-02));
#2144 = DIRECTION('',(-0.,-0.,-1.));
#2145 = DIRECTION('',(-0.,-1.,0.));
#2146 = ADVANCED_FACE('',(#2147),#2158,.F.);
#2147 = FACE_BOUND('',#2148,.T.);
#2148 = EDGE_LOOP('',(#2149,#2150,#2156,#2157));
#2149 = ORIENTED_EDGE('',*,*,#787,.T.);
#2150 = ORIENTED_EDGE('',*,*,#2151,.T.);
#2151 = EDGE_CURVE('',#788,#1421,#2152,.T.);
#2152 = LINE('',#2153,#2154);
#2153 = CARTESIAN_POINT('',(147.46,-154.58,-4.6E-02));
#2154 = VECTOR('',#2155,1.);
#2155 = DIRECTION('',(0.,0.,1.));
#2156 = ORIENTED_EDGE('',*,*,#1420,.F.);
#2157 = ORIENTED_EDGE('',*,*,#2151,.F.);
#2158 = CYLINDRICAL_SURFACE('',#2159,2.);
#2159 = AXIS2_PLACEMENT_3D('',#2160,#2161,#2162);
#2160 = CARTESIAN_POINT('',(147.46,-152.58,-4.6E-02));
#2161 = DIRECTION('',(-0.,-0.,-1.));
#2162 = DIRECTION('',(-0.,-1.,0.));
#2163 = ADVANCED_FACE('',(#2164),#2175,.F.);
#2164 = FACE_BOUND('',#2165,.T.);
#2165 = EDGE_LOOP('',(#2166,#2167,#2173,#2174));
#2166 = ORIENTED_EDGE('',*,*,#798,.T.);
#2167 = ORIENTED_EDGE('',*,*,#2168,.T.);
#2168 = EDGE_CURVE('',#799,#1432,#2169,.T.);
#2169 = LINE('',#2170,#2171);
#2170 = CARTESIAN_POINT('',(152.54,-153.43,-4.6E-02));
#2171 = VECTOR('',#2172,1.);
#2172 = DIRECTION('',(0.,0.,1.));
#2173 = ORIENTED_EDGE('',*,*,#1431,.F.);
#2174 = ORIENTED_EDGE('',*,*,#2168,.F.);
#2175 = CYLINDRICAL_SURFACE('',#2176,0.85);
#2176 = AXIS2_PLACEMENT_3D('',#2177,#2178,#2179);
#2177 = CARTESIAN_POINT('',(152.54,-152.58,-4.6E-02));
#2178 = DIRECTION('',(-0.,-0.,-1.));
#2179 = DIRECTION('',(-0.,-1.,0.));
#2180 = ADVANCED_FACE('',(#2181),#2192,.F.);
#2181 = FACE_BOUND('',#2182,.T.);
#2182 = EDGE_LOOP('',(#2183,#2184,#2190,#2191));
#2183 = ORIENTED_EDGE('',*,*,#809,.T.);
#2184 = ORIENTED_EDGE('',*,*,#2185,.T.);
#2185 = EDGE_CURVE('',#810,#1443,#2186,.T.);
#2186 = LINE('',#2187,#2188);
#2187 = CARTESIAN_POINT('',(150.,-148.25,-4.6E-02));
#2188 = VECTOR('',#2189,1.);
#2189 = DIRECTION('',(0.,0.,1.));
#2190 = ORIENTED_EDGE('',*,*,#1442,.F.);
#2191 = ORIENTED_EDGE('',*,*,#2185,.F.);
#2192 = CYLINDRICAL_SURFACE('',#2193,0.75);
#2193 = AXIS2_PLACEMENT_3D('',#2194,#2195,#2196);
#2194 = CARTESIAN_POINT('',(150.,-147.5,-4.6E-02));
#2195 = DIRECTION('',(-0.,-0.,-1.));
#2196 = DIRECTION('',(-0.,-1.,0.));
#2197 = ADVANCED_FACE('',(#2198),#2209,.F.);
#2198 = FACE_BOUND('',#2199,.T.);
#2199 = EDGE_LOOP('',(#2200,#2201,#2207,#2208));
#2200 = ORIENTED_EDGE('',*,*,#820,.T.);
#2201 = ORIENTED_EDGE('',*,*,#2202,.T.);
#2202 = EDGE_CURVE('',#821,#1454,#2203,.T.);
#2203 = LINE('',#2204,#2205);
#2204 = CARTESIAN_POINT('',(150.88,-144.39,-4.6E-02));
#2205 = VECTOR('',#2206,1.);
#2206 = DIRECTION('',(0.,0.,1.));
#2207 = ORIENTED_EDGE('',*,*,#1453,.F.);
#2208 = ORIENTED_EDGE('',*,*,#2202,.F.);
#2209 = CYLINDRICAL_SURFACE('',#2210,0.4);
#2210 = AXIS2_PLACEMENT_3D('',#2211,#2212,#2213);
#2211 = CARTESIAN_POINT('',(150.88,-143.99,-4.6E-02));
#2212 = DIRECTION('',(-0.,-0.,-1.));
#2213 = DIRECTION('',(-0.,-1.,0.));
#2214 = ADVANCED_FACE('',(#2215),#2226,.F.);
#2215 = FACE_BOUND('',#2216,.T.);
#2216 = EDGE_LOOP('',(#2217,#2218,#2224,#2225));
#2217 = ORIENTED_EDGE('',*,*,#831,.T.);
#2218 = ORIENTED_EDGE('',*,*,#2219,.T.);
#2219 = EDGE_CURVE('',#832,#1465,#2220,.T.);
#2220 = LINE('',#2221,#2222);
#2221 = CARTESIAN_POINT('',(162.92,-153.35,-4.6E-02));
#2222 = VECTOR('',#2223,1.);
#2223 = DIRECTION('',(0.,0.,1.));
#2224 = ORIENTED_EDGE('',*,*,#1464,.F.);
#2225 = ORIENTED_EDGE('',*,*,#2219,.F.);
#2226 = CYLINDRICAL_SURFACE('',#2227,0.85);
#2227 = AXIS2_PLACEMENT_3D('',#2228,#2229,#2230);
#2228 = CARTESIAN_POINT('',(162.92,-152.5,-4.6E-02));
#2229 = DIRECTION('',(-0.,-0.,-1.));
#2230 = DIRECTION('',(-3.343730521224E-14,-1.,0.));
#2231 = ADVANCED_FACE('',(#2232),#2243,.F.);
#2232 = FACE_BOUND('',#2233,.T.);
#2233 = EDGE_LOOP('',(#2234,#2235,#2241,#2242));
#2234 = ORIENTED_EDGE('',*,*,#842,.T.);
#2235 = ORIENTED_EDGE('',*,*,#2236,.T.);
#2236 = EDGE_CURVE('',#843,#1476,#2237,.T.);
#2237 = LINE('',#2238,#2239);
#2238 = CARTESIAN_POINT('',(164.19,-150.71,-4.6E-02));
#2239 = VECTOR('',#2240,1.);
#2240 = DIRECTION('',(0.,0.,1.));
#2241 = ORIENTED_EDGE('',*,*,#1475,.F.);
#2242 = ORIENTED_EDGE('',*,*,#2236,.F.);
#2243 = CYLINDRICAL_SURFACE('',#2244,0.75);
#2244 = AXIS2_PLACEMENT_3D('',#2245,#2246,#2247);
#2245 = CARTESIAN_POINT('',(164.19,-149.96,-4.6E-02));
#2246 = DIRECTION('',(-0.,-0.,-1.));
#2247 = DIRECTION('',(-0.,-1.,0.));
#2248 = ADVANCED_FACE('',(#2249),#2260,.F.);
#2249 = FACE_BOUND('',#2250,.T.);
#2250 = EDGE_LOOP('',(#2251,#2252,#2258,#2259));
#2251 = ORIENTED_EDGE('',*,*,#853,.T.);
#2252 = ORIENTED_EDGE('',*,*,#2253,.T.);
#2253 = EDGE_CURVE('',#854,#1487,#2254,.T.);
#2254 = LINE('',#2255,#2256);
#2255 = CARTESIAN_POINT('',(168.,-154.5,-4.6E-02));
#2256 = VECTOR('',#2257,1.);
#2257 = DIRECTION('',(0.,0.,1.));
#2258 = ORIENTED_EDGE('',*,*,#1486,.F.);
#2259 = ORIENTED_EDGE('',*,*,#2253,.F.);
#2260 = CYLINDRICAL_SURFACE('',#2261,2.);
#2261 = AXIS2_PLACEMENT_3D('',#2262,#2263,#2264);
#2262 = CARTESIAN_POINT('',(168.,-152.5,-4.6E-02));
#2263 = DIRECTION('',(-0.,-0.,-1.));
#2264 = DIRECTION('',(-0.,-1.,0.));
#2265 = ADVANCED_FACE('',(#2266),#2277,.F.);
#2266 = FACE_BOUND('',#2267,.T.);
#2267 = EDGE_LOOP('',(#2268,#2269,#2275,#2276));
#2268 = ORIENTED_EDGE('',*,*,#864,.T.);
#2269 = ORIENTED_EDGE('',*,*,#2270,.T.);
#2270 = EDGE_CURVE('',#865,#1498,#2271,.T.);
#2271 = LINE('',#2272,#2273);
#2272 = CARTESIAN_POINT('',(173.08,-153.35,-4.6E-02));
#2273 = VECTOR('',#2274,1.);
#2274 = DIRECTION('',(0.,0.,1.));
#2275 = ORIENTED_EDGE('',*,*,#1497,.F.);
#2276 = ORIENTED_EDGE('',*,*,#2270,.F.);
#2277 = CYLINDRICAL_SURFACE('',#2278,0.85);
#2278 = AXIS2_PLACEMENT_3D('',#2279,#2280,#2281);
#2279 = CARTESIAN_POINT('',(173.08,-152.5,-4.6E-02));
#2280 = DIRECTION('',(-0.,0.,-1.));
#2281 = DIRECTION('',(3.343730521224E-14,-1.,-0.));
#2282 = ADVANCED_FACE('',(#2283),#2294,.F.);
#2283 = FACE_BOUND('',#2284,.T.);
#2284 = EDGE_LOOP('',(#2285,#2286,#2292,#2293));
#2285 = ORIENTED_EDGE('',*,*,#875,.T.);
#2286 = ORIENTED_EDGE('',*,*,#2287,.T.);
#2287 = EDGE_CURVE('',#876,#1509,#2288,.T.);
#2288 = LINE('',#2289,#2290);
#2289 = CARTESIAN_POINT('',(164.69,-144.4,-4.6E-02));
#2290 = VECTOR('',#2291,1.);
#2291 = DIRECTION('',(0.,0.,1.));
#2292 = ORIENTED_EDGE('',*,*,#1508,.F.);
#2293 = ORIENTED_EDGE('',*,*,#2287,.F.);
#2294 = CYLINDRICAL_SURFACE('',#2295,0.4);
#2295 = AXIS2_PLACEMENT_3D('',#2296,#2297,#2298);
#2296 = CARTESIAN_POINT('',(164.69,-144.,-4.6E-02));
#2297 = DIRECTION('',(-0.,-0.,-1.));
#2298 = DIRECTION('',(-0.,-1.,0.));
#2299 = ADVANCED_FACE('',(#2300),#2311,.F.);
#2300 = FACE_BOUND('',#2301,.T.);
#2301 = EDGE_LOOP('',(#2302,#2303,#2309,#2310));
#2302 = ORIENTED_EDGE('',*,*,#886,.T.);
#2303 = ORIENTED_EDGE('',*,*,#2304,.T.);
#2304 = EDGE_CURVE('',#887,#1520,#2305,.T.);
#2305 = LINE('',#2306,#2307);
#2306 = CARTESIAN_POINT('',(170.54,-148.17,-4.6E-02));
#2307 = VECTOR('',#2308,1.);
#2308 = DIRECTION('',(0.,0.,1.));
#2309 = ORIENTED_EDGE('',*,*,#1519,.F.);
#2310 = ORIENTED_EDGE('',*,*,#2304,.F.);
#2311 = CYLINDRICAL_SURFACE('',#2312,0.75);
#2312 = AXIS2_PLACEMENT_3D('',#2313,#2314,#2315);
#2313 = CARTESIAN_POINT('',(170.54,-147.42,-4.6E-02));
#2314 = DIRECTION('',(-0.,-0.,-1.));
#2315 = DIRECTION('',(-0.,-1.,0.));
#2316 = ADVANCED_FACE('',(#2317),#2328,.F.);
#2317 = FACE_BOUND('',#2318,.T.);
#2318 = EDGE_LOOP('',(#2319,#2320,#2326,#2327));
#2319 = ORIENTED_EDGE('',*,*,#897,.T.);
#2320 = ORIENTED_EDGE('',*,*,#2321,.T.);
#2321 = EDGE_CURVE('',#898,#1531,#2322,.T.);
#2322 = LINE('',#2323,#2324);
#2323 = CARTESIAN_POINT('',(172.31,-144.4,-4.6E-02));
#2324 = VECTOR('',#2325,1.);
#2325 = DIRECTION('',(0.,0.,1.));
#2326 = ORIENTED_EDGE('',*,*,#1530,.F.);
#2327 = ORIENTED_EDGE('',*,*,#2321,.F.);
#2328 = CYLINDRICAL_SURFACE('',#2329,0.4);
#2329 = AXIS2_PLACEMENT_3D('',#2330,#2331,#2332);
#2330 = CARTESIAN_POINT('',(172.31,-144.,-4.6E-02));
#2331 = DIRECTION('',(-0.,-0.,-1.));
#2332 = DIRECTION('',(-0.,-1.,0.));
#2333 = ADVANCED_FACE('',(#2334),#2345,.F.);
#2334 = FACE_BOUND('',#2335,.T.);
#2335 = EDGE_LOOP('',(#2336,#2337,#2343,#2344));
#2336 = ORIENTED_EDGE('',*,*,#908,.T.);
#2337 = ORIENTED_EDGE('',*,*,#2338,.T.);
#2338 = EDGE_CURVE('',#909,#1542,#2339,.T.);
#2339 = LINE('',#2340,#2341);
#2340 = CARTESIAN_POINT('',(147.46,-135.364,-4.6E-02));
#2341 = VECTOR('',#2342,1.);
#2342 = DIRECTION('',(0.,0.,1.));
#2343 = ORIENTED_EDGE('',*,*,#1541,.F.);
#2344 = ORIENTED_EDGE('',*,*,#2338,.F.);
#2345 = CYLINDRICAL_SURFACE('',#2346,2.);
#2346 = AXIS2_PLACEMENT_3D('',#2347,#2348,#2349);
#2347 = CARTESIAN_POINT('',(147.46,-133.364,-4.6E-02));
#2348 = DIRECTION('',(-0.,-0.,-1.));
#2349 = DIRECTION('',(-0.,-1.,0.));
#2350 = ADVANCED_FACE('',(#2351),#2362,.F.);
#2351 = FACE_BOUND('',#2352,.T.);
#2352 = EDGE_LOOP('',(#2353,#2354,#2360,#2361));
#2353 = ORIENTED_EDGE('',*,*,#919,.T.);
#2354 = ORIENTED_EDGE('',*,*,#2355,.T.);
#2355 = EDGE_CURVE('',#920,#1553,#2356,.T.);
#2356 = LINE('',#2357,#2358);
#2357 = CARTESIAN_POINT('',(152.54,-134.214,-4.6E-02));
#2358 = VECTOR('',#2359,1.);
#2359 = DIRECTION('',(0.,0.,1.));
#2360 = ORIENTED_EDGE('',*,*,#1552,.F.);
#2361 = ORIENTED_EDGE('',*,*,#2355,.F.);
#2362 = CYLINDRICAL_SURFACE('',#2363,0.85);
#2363 = AXIS2_PLACEMENT_3D('',#2364,#2365,#2366);
#2364 = CARTESIAN_POINT('',(152.54,-133.364,-4.6E-02));
#2365 = DIRECTION('',(-0.,-0.,-1.));
#2366 = DIRECTION('',(-0.,-1.,0.));
#2367 = ADVANCED_FACE('',(#2368),#2379,.F.);
#2368 = FACE_BOUND('',#2369,.T.);
#2369 = EDGE_LOOP('',(#2370,#2371,#2377,#2378));
#2370 = ORIENTED_EDGE('',*,*,#930,.T.);
#2371 = ORIENTED_EDGE('',*,*,#2372,.T.);
#2372 = EDGE_CURVE('',#931,#1564,#2373,.T.);
#2373 = LINE('',#2374,#2375);
#2374 = CARTESIAN_POINT('',(162.92,-134.35,-4.6E-02));
#2375 = VECTOR('',#2376,1.);
#2376 = DIRECTION('',(0.,0.,1.));
#2377 = ORIENTED_EDGE('',*,*,#1563,.F.);
#2378 = ORIENTED_EDGE('',*,*,#2372,.F.);
#2379 = CYLINDRICAL_SURFACE('',#2380,0.85);
#2380 = AXIS2_PLACEMENT_3D('',#2381,#2382,#2383);
#2381 = CARTESIAN_POINT('',(162.92,-133.5,-4.6E-02));
#2382 = DIRECTION('',(-0.,-0.,-1.));
#2383 = DIRECTION('',(-3.343730521224E-14,-1.,0.));
#2384 = ADVANCED_FACE('',(#2385),#2396,.F.);
#2385 = FACE_BOUND('',#2386,.T.);
#2386 = EDGE_LOOP('',(#2387,#2388,#2394,#2395));
#2387 = ORIENTED_EDGE('',*,*,#941,.T.);
#2388 = ORIENTED_EDGE('',*,*,#2389,.T.);
#2389 = EDGE_CURVE('',#942,#1575,#2390,.T.);
#2390 = LINE('',#2391,#2392);
#2391 = CARTESIAN_POINT('',(164.19,-131.71,-4.6E-02));
#2392 = VECTOR('',#2393,1.);
#2393 = DIRECTION('',(0.,0.,1.));
#2394 = ORIENTED_EDGE('',*,*,#1574,.F.);
#2395 = ORIENTED_EDGE('',*,*,#2389,.F.);
#2396 = CYLINDRICAL_SURFACE('',#2397,0.75);
#2397 = AXIS2_PLACEMENT_3D('',#2398,#2399,#2400);
#2398 = CARTESIAN_POINT('',(164.19,-130.96,-4.6E-02));
#2399 = DIRECTION('',(-0.,-0.,-1.));
#2400 = DIRECTION('',(-0.,-1.,0.));
#2401 = ADVANCED_FACE('',(#2402),#2413,.F.);
#2402 = FACE_BOUND('',#2403,.T.);
#2403 = EDGE_LOOP('',(#2404,#2405,#2411,#2412));
#2404 = ORIENTED_EDGE('',*,*,#952,.T.);
#2405 = ORIENTED_EDGE('',*,*,#2406,.T.);
#2406 = EDGE_CURVE('',#953,#1586,#2407,.T.);
#2407 = LINE('',#2408,#2409);
#2408 = CARTESIAN_POINT('',(168.,-135.5,-4.6E-02));
#2409 = VECTOR('',#2410,1.);
#2410 = DIRECTION('',(0.,0.,1.));
#2411 = ORIENTED_EDGE('',*,*,#1585,.F.);
#2412 = ORIENTED_EDGE('',*,*,#2406,.F.);
#2413 = CYLINDRICAL_SURFACE('',#2414,2.);
#2414 = AXIS2_PLACEMENT_3D('',#2415,#2416,#2417);
#2415 = CARTESIAN_POINT('',(168.,-133.5,-4.6E-02));
#2416 = DIRECTION('',(-0.,-0.,-1.));
#2417 = DIRECTION('',(-0.,-1.,0.));
#2418 = ADVANCED_FACE('',(#2419),#2430,.F.);
#2419 = FACE_BOUND('',#2420,.T.);
#2420 = EDGE_LOOP('',(#2421,#2422,#2428,#2429));
#2421 = ORIENTED_EDGE('',*,*,#963,.T.);
#2422 = ORIENTED_EDGE('',*,*,#2423,.T.);
#2423 = EDGE_CURVE('',#964,#1597,#2424,.T.);
#2424 = LINE('',#2425,#2426);
#2425 = CARTESIAN_POINT('',(173.08,-134.35,-4.6E-02));
#2426 = VECTOR('',#2427,1.);
#2427 = DIRECTION('',(0.,0.,1.));
#2428 = ORIENTED_EDGE('',*,*,#1596,.F.);
#2429 = ORIENTED_EDGE('',*,*,#2423,.F.);
#2430 = CYLINDRICAL_SURFACE('',#2431,0.85);
#2431 = AXIS2_PLACEMENT_3D('',#2432,#2433,#2434);
#2432 = CARTESIAN_POINT('',(173.08,-133.5,-4.6E-02));
#2433 = DIRECTION('',(-0.,0.,-1.));
#2434 = DIRECTION('',(3.343730521224E-14,-1.,-0.));
#2435 = ADVANCED_FACE('',(#2436),#2447,.F.);
#2436 = FACE_BOUND('',#2437,.T.);
#2437 = EDGE_LOOP('',(#2438,#2439,#2445,#2446));
#2438 = ORIENTED_EDGE('',*,*,#974,.T.);
#2439 = ORIENTED_EDGE('',*,*,#2440,.T.);
#2440 = EDGE_CURVE('',#975,#1608,#2441,.T.);
#2441 = LINE('',#2442,#2443);
#2442 = CARTESIAN_POINT('',(122.88,-125.4,-4.6E-02));
#2443 = VECTOR('',#2444,1.);
#2444 = DIRECTION('',(0.,0.,1.));
#2445 = ORIENTED_EDGE('',*,*,#1607,.F.);
#2446 = ORIENTED_EDGE('',*,*,#2440,.F.);
#2447 = CYLINDRICAL_SURFACE('',#2448,0.4);
#2448 = AXIS2_PLACEMENT_3D('',#2449,#2450,#2451);
#2449 = CARTESIAN_POINT('',(122.88,-125.,-4.6E-02));
#2450 = DIRECTION('',(-0.,-0.,-1.));
#2451 = DIRECTION('',(-0.,-1.,0.));
#2452 = ADVANCED_FACE('',(#2453),#2464,.F.);
#2453 = FACE_BOUND('',#2454,.T.);
#2454 = EDGE_LOOP('',(#2455,#2456,#2462,#2463));
#2455 = ORIENTED_EDGE('',*,*,#985,.T.);
#2456 = ORIENTED_EDGE('',*,*,#2457,.T.);
#2457 = EDGE_CURVE('',#986,#1619,#2458,.T.);
#2458 = LINE('',#2459,#2460);
#2459 = CARTESIAN_POINT('',(129.23,-129.17,-4.6E-02));
#2460 = VECTOR('',#2461,1.);
#2461 = DIRECTION('',(0.,0.,1.));
#2462 = ORIENTED_EDGE('',*,*,#1618,.F.);
#2463 = ORIENTED_EDGE('',*,*,#2457,.F.);
#2464 = CYLINDRICAL_SURFACE('',#2465,0.75);
#2465 = AXIS2_PLACEMENT_3D('',#2466,#2467,#2468);
#2466 = CARTESIAN_POINT('',(129.23,-128.42,-4.6E-02));
#2467 = DIRECTION('',(-0.,-0.,-1.));
#2468 = DIRECTION('',(-0.,-1.,0.));
#2469 = ADVANCED_FACE('',(#2470),#2481,.F.);
#2470 = FACE_BOUND('',#2471,.T.);
#2471 = EDGE_LOOP('',(#2472,#2473,#2479,#2480));
#2472 = ORIENTED_EDGE('',*,*,#996,.T.);
#2473 = ORIENTED_EDGE('',*,*,#2474,.T.);
#2474 = EDGE_CURVE('',#997,#1630,#2475,.T.);
#2475 = LINE('',#2476,#2477);
#2476 = CARTESIAN_POINT('',(130.5,-125.4,-4.6E-02));
#2477 = VECTOR('',#2478,1.);
#2478 = DIRECTION('',(0.,0.,1.));
#2479 = ORIENTED_EDGE('',*,*,#1629,.F.);
#2480 = ORIENTED_EDGE('',*,*,#2474,.F.);
#2481 = CYLINDRICAL_SURFACE('',#2482,0.4);
#2482 = AXIS2_PLACEMENT_3D('',#2483,#2484,#2485);
#2483 = CARTESIAN_POINT('',(130.5,-125.,-4.6E-02));
#2484 = DIRECTION('',(-0.,-0.,-1.));
#2485 = DIRECTION('',(-0.,-1.,0.));
#2486 = ADVANCED_FACE('',(#2487),#2498,.F.);
#2487 = FACE_BOUND('',#2488,.T.);
#2488 = EDGE_LOOP('',(#2489,#2490,#2496,#2497));
#2489 = ORIENTED_EDGE('',*,*,#1007,.T.);
#2490 = ORIENTED_EDGE('',*,*,#2491,.T.);
#2491 = EDGE_CURVE('',#1008,#1641,#2492,.T.);
#2492 = LINE('',#2493,#2494);
#2493 = CARTESIAN_POINT('',(144.23,-125.264,-4.6E-02));
#2494 = VECTOR('',#2495,1.);
#2495 = DIRECTION('',(0.,0.,1.));
#2496 = ORIENTED_EDGE('',*,*,#1640,.F.);
#2497 = ORIENTED_EDGE('',*,*,#2491,.F.);
#2498 = CYLINDRICAL_SURFACE('',#2499,0.4);
#2499 = AXIS2_PLACEMENT_3D('',#2500,#2501,#2502);
#2500 = CARTESIAN_POINT('',(144.23,-124.864,-4.6E-02));
#2501 = DIRECTION('',(-0.,-0.,-1.));
#2502 = DIRECTION('',(-7.105427357601E-14,-1.,0.));
#2503 = ADVANCED_FACE('',(#2504),#2515,.F.);
#2504 = FACE_BOUND('',#2505,.T.);
#2505 = EDGE_LOOP('',(#2506,#2507,#2513,#2514));
#2506 = ORIENTED_EDGE('',*,*,#1018,.T.);
#2507 = ORIENTED_EDGE('',*,*,#2508,.T.);
#2508 = EDGE_CURVE('',#1019,#1652,#2509,.T.);
#2509 = LINE('',#2510,#2511);
#2510 = CARTESIAN_POINT('',(121.61,-115.35,-4.6E-02));
#2511 = VECTOR('',#2512,1.);
#2512 = DIRECTION('',(0.,0.,1.));
#2513 = ORIENTED_EDGE('',*,*,#1651,.F.);
#2514 = ORIENTED_EDGE('',*,*,#2508,.F.);
#2515 = CYLINDRICAL_SURFACE('',#2516,0.85);
#2516 = AXIS2_PLACEMENT_3D('',#2517,#2518,#2519);
#2517 = CARTESIAN_POINT('',(121.61,-114.5,-4.6E-02));
#2518 = DIRECTION('',(-0.,-0.,-1.));
#2519 = DIRECTION('',(-0.,-1.,0.));
#2520 = ADVANCED_FACE('',(#2521),#2532,.F.);
#2521 = FACE_BOUND('',#2522,.T.);
#2522 = EDGE_LOOP('',(#2523,#2524,#2530,#2531));
#2523 = ORIENTED_EDGE('',*,*,#1029,.T.);
#2524 = ORIENTED_EDGE('',*,*,#2525,.T.);
#2525 = EDGE_CURVE('',#1030,#1663,#2526,.T.);
#2526 = LINE('',#2527,#2528);
#2527 = CARTESIAN_POINT('',(122.88,-112.71,-4.6E-02));
#2528 = VECTOR('',#2529,1.);
#2529 = DIRECTION('',(0.,0.,1.));
#2530 = ORIENTED_EDGE('',*,*,#1662,.F.);
#2531 = ORIENTED_EDGE('',*,*,#2525,.F.);
#2532 = CYLINDRICAL_SURFACE('',#2533,0.75);
#2533 = AXIS2_PLACEMENT_3D('',#2534,#2535,#2536);
#2534 = CARTESIAN_POINT('',(122.88,-111.96,-4.6E-02));
#2535 = DIRECTION('',(-0.,-0.,-1.));
#2536 = DIRECTION('',(-0.,-1.,0.));
#2537 = ADVANCED_FACE('',(#2538),#2549,.F.);
#2538 = FACE_BOUND('',#2539,.T.);
#2539 = EDGE_LOOP('',(#2540,#2541,#2547,#2548));
#2540 = ORIENTED_EDGE('',*,*,#1040,.T.);
#2541 = ORIENTED_EDGE('',*,*,#2542,.T.);
#2542 = EDGE_CURVE('',#1041,#1674,#2543,.T.);
#2543 = LINE('',#2544,#2545);
#2544 = CARTESIAN_POINT('',(126.69,-116.5,-4.6E-02));
#2545 = VECTOR('',#2546,1.);
#2546 = DIRECTION('',(0.,0.,1.));
#2547 = ORIENTED_EDGE('',*,*,#1673,.F.);
#2548 = ORIENTED_EDGE('',*,*,#2542,.F.);
#2549 = CYLINDRICAL_SURFACE('',#2550,2.);
#2550 = AXIS2_PLACEMENT_3D('',#2551,#2552,#2553);
#2551 = CARTESIAN_POINT('',(126.69,-114.5,-4.6E-02));
#2552 = DIRECTION('',(-0.,-0.,-1.));
#2553 = DIRECTION('',(-0.,-1.,0.));
#2554 = ADVANCED_FACE('',(#2555),#2566,.F.);
#2555 = FACE_BOUND('',#2556,.T.);
#2556 = EDGE_LOOP('',(#2557,#2558,#2564,#2565));
#2557 = ORIENTED_EDGE('',*,*,#1051,.T.);
#2558 = ORIENTED_EDGE('',*,*,#2559,.T.);
#2559 = EDGE_CURVE('',#1052,#1685,#2560,.T.);
#2560 = LINE('',#2561,#2562);
#2561 = CARTESIAN_POINT('',(131.77,-115.35,-4.6E-02));
#2562 = VECTOR('',#2563,1.);
#2563 = DIRECTION('',(0.,0.,1.));
#2564 = ORIENTED_EDGE('',*,*,#1684,.F.);
#2565 = ORIENTED_EDGE('',*,*,#2559,.F.);
#2566 = CYLINDRICAL_SURFACE('',#2567,0.85);
#2567 = AXIS2_PLACEMENT_3D('',#2568,#2569,#2570);
#2568 = CARTESIAN_POINT('',(131.77,-114.5,-4.6E-02));
#2569 = DIRECTION('',(-0.,0.,-1.));
#2570 = DIRECTION('',(3.343730521224E-14,-1.,-0.));
#2571 = ADVANCED_FACE('',(#2572),#2583,.F.);
#2572 = FACE_BOUND('',#2573,.T.);
#2573 = EDGE_LOOP('',(#2574,#2575,#2581,#2582));
#2574 = ORIENTED_EDGE('',*,*,#1062,.T.);
#2575 = ORIENTED_EDGE('',*,*,#2576,.T.);
#2576 = EDGE_CURVE('',#1063,#1696,#2577,.T.);
#2577 = LINE('',#2578,#2579);
#2578 = CARTESIAN_POINT('',(122.96,-106.4,-4.6E-02));
#2579 = VECTOR('',#2580,1.);
#2580 = DIRECTION('',(0.,0.,1.));
#2581 = ORIENTED_EDGE('',*,*,#1695,.F.);
#2582 = ORIENTED_EDGE('',*,*,#2576,.F.);
#2583 = CYLINDRICAL_SURFACE('',#2584,0.4);
#2584 = AXIS2_PLACEMENT_3D('',#2585,#2586,#2587);
#2585 = CARTESIAN_POINT('',(122.96,-106.,-4.6E-02));
#2586 = DIRECTION('',(-0.,-0.,-1.));
#2587 = DIRECTION('',(-3.552713678801E-14,-1.,0.));
#2588 = ADVANCED_FACE('',(#2589),#2600,.F.);
#2589 = FACE_BOUND('',#2590,.T.);
#2590 = EDGE_LOOP('',(#2591,#2592,#2598,#2599));
#2591 = ORIENTED_EDGE('',*,*,#1073,.T.);
#2592 = ORIENTED_EDGE('',*,*,#2593,.T.);
#2593 = EDGE_CURVE('',#1074,#1707,#2594,.T.);
#2594 = LINE('',#2595,#2596);
#2595 = CARTESIAN_POINT('',(129.23,-110.17,-4.6E-02));
#2596 = VECTOR('',#2597,1.);
#2597 = DIRECTION('',(0.,0.,1.));
#2598 = ORIENTED_EDGE('',*,*,#1706,.F.);
#2599 = ORIENTED_EDGE('',*,*,#2593,.F.);
#2600 = CYLINDRICAL_SURFACE('',#2601,0.75);
#2601 = AXIS2_PLACEMENT_3D('',#2602,#2603,#2604);
#2602 = CARTESIAN_POINT('',(129.23,-109.42,-4.6E-02));
#2603 = DIRECTION('',(-0.,-0.,-1.));
#2604 = DIRECTION('',(-0.,-1.,0.));
#2605 = ADVANCED_FACE('',(#2606),#2617,.F.);
#2606 = FACE_BOUND('',#2607,.T.);
#2607 = EDGE_LOOP('',(#2608,#2609,#2615,#2616));
#2608 = ORIENTED_EDGE('',*,*,#1084,.T.);
#2609 = ORIENTED_EDGE('',*,*,#2610,.T.);
#2610 = EDGE_CURVE('',#1085,#1718,#2611,.T.);
#2611 = LINE('',#2612,#2613);
#2612 = CARTESIAN_POINT('',(130.58,-106.4,-4.6E-02));
#2613 = VECTOR('',#2614,1.);
#2614 = DIRECTION('',(0.,0.,1.));
#2615 = ORIENTED_EDGE('',*,*,#1717,.F.);
#2616 = ORIENTED_EDGE('',*,*,#2610,.F.);
#2617 = CYLINDRICAL_SURFACE('',#2618,0.4);
#2618 = AXIS2_PLACEMENT_3D('',#2619,#2620,#2621);
#2619 = CARTESIAN_POINT('',(130.58,-106.,-4.6E-02));
#2620 = DIRECTION('',(-0.,0.,-1.));
#2621 = DIRECTION('',(7.105427357601E-14,-1.,-0.));
#2622 = ADVANCED_FACE('',(#2623),#2634,.F.);
#2623 = FACE_BOUND('',#2624,.T.);
#2624 = EDGE_LOOP('',(#2625,#2626,#2632,#2633));
#2625 = ORIENTED_EDGE('',*,*,#1095,.T.);
#2626 = ORIENTED_EDGE('',*,*,#2627,.T.);
#2627 = EDGE_CURVE('',#1096,#1729,#2628,.T.);
#2628 = LINE('',#2629,#2630);
#2629 = CARTESIAN_POINT('',(150.,-129.034,-4.6E-02));
#2630 = VECTOR('',#2631,1.);
#2631 = DIRECTION('',(0.,0.,1.));
#2632 = ORIENTED_EDGE('',*,*,#1728,.F.);
#2633 = ORIENTED_EDGE('',*,*,#2627,.F.);
#2634 = CYLINDRICAL_SURFACE('',#2635,0.75);
#2635 = AXIS2_PLACEMENT_3D('',#2636,#2637,#2638);
#2636 = CARTESIAN_POINT('',(150.,-128.284,-4.6E-02));
#2637 = DIRECTION('',(-0.,-0.,-1.));
#2638 = DIRECTION('',(-0.,-1.,0.));
#2639 = ADVANCED_FACE('',(#2640),#2651,.F.);
#2640 = FACE_BOUND('',#2641,.T.);
#2641 = EDGE_LOOP('',(#2642,#2643,#2649,#2650));
#2642 = ORIENTED_EDGE('',*,*,#1106,.T.);
#2643 = ORIENTED_EDGE('',*,*,#2644,.T.);
#2644 = EDGE_CURVE('',#1107,#1740,#2645,.T.);
#2645 = LINE('',#2646,#2647);
#2646 = CARTESIAN_POINT('',(151.85,-125.264,-4.6E-02));
#2647 = VECTOR('',#2648,1.);
#2648 = DIRECTION('',(0.,0.,1.));
#2649 = ORIENTED_EDGE('',*,*,#1739,.F.);
#2650 = ORIENTED_EDGE('',*,*,#2644,.F.);
#2651 = CYLINDRICAL_SURFACE('',#2652,0.4);
#2652 = AXIS2_PLACEMENT_3D('',#2653,#2654,#2655);
#2653 = CARTESIAN_POINT('',(151.85,-124.864,-4.6E-02));
#2654 = DIRECTION('',(-0.,-0.,-1.));
#2655 = DIRECTION('',(-0.,-1.,0.));
#2656 = ADVANCED_FACE('',(#2657),#2668,.F.);
#2657 = FACE_BOUND('',#2658,.T.);
#2658 = EDGE_LOOP('',(#2659,#2660,#2666,#2667));
#2659 = ORIENTED_EDGE('',*,*,#1117,.T.);
#2660 = ORIENTED_EDGE('',*,*,#2661,.T.);
#2661 = EDGE_CURVE('',#1118,#1751,#2662,.T.);
#2662 = LINE('',#2663,#2664);
#2663 = CARTESIAN_POINT('',(164.27,-125.4,-4.6E-02));
#2664 = VECTOR('',#2665,1.);
#2665 = DIRECTION('',(0.,0.,1.));
#2666 = ORIENTED_EDGE('',*,*,#1750,.F.);
#2667 = ORIENTED_EDGE('',*,*,#2661,.F.);
#2668 = CYLINDRICAL_SURFACE('',#2669,0.4);
#2669 = AXIS2_PLACEMENT_3D('',#2670,#2671,#2672);
#2670 = CARTESIAN_POINT('',(164.27,-125.,-4.6E-02));
#2671 = DIRECTION('',(-0.,0.,-1.));
#2672 = DIRECTION('',(7.105427357601E-14,-1.,-0.));
#2673 = ADVANCED_FACE('',(#2674),#2685,.F.);
#2674 = FACE_BOUND('',#2675,.T.);
#2675 = EDGE_LOOP('',(#2676,#2677,#2683,#2684));
#2676 = ORIENTED_EDGE('',*,*,#1128,.T.);
#2677 = ORIENTED_EDGE('',*,*,#2678,.T.);
#2678 = EDGE_CURVE('',#1129,#1762,#2679,.T.);
#2679 = LINE('',#2680,#2681);
#2680 = CARTESIAN_POINT('',(170.54,-129.17,-4.6E-02));
#2681 = VECTOR('',#2682,1.);
#2682 = DIRECTION('',(0.,0.,1.));
#2683 = ORIENTED_EDGE('',*,*,#1761,.F.);
#2684 = ORIENTED_EDGE('',*,*,#2678,.F.);
#2685 = CYLINDRICAL_SURFACE('',#2686,0.75);
#2686 = AXIS2_PLACEMENT_3D('',#2687,#2688,#2689);
#2687 = CARTESIAN_POINT('',(170.54,-128.42,-4.6E-02));
#2688 = DIRECTION('',(-0.,-0.,-1.));
#2689 = DIRECTION('',(-0.,-1.,0.));
#2690 = ADVANCED_FACE('',(#2691),#2702,.F.);
#2691 = FACE_BOUND('',#2692,.T.);
#2692 = EDGE_LOOP('',(#2693,#2694,#2700,#2701));
#2693 = ORIENTED_EDGE('',*,*,#1139,.T.);
#2694 = ORIENTED_EDGE('',*,*,#2695,.T.);
#2695 = EDGE_CURVE('',#1140,#1773,#2696,.T.);
#2696 = LINE('',#2697,#2698);
#2697 = CARTESIAN_POINT('',(171.89,-125.4,-4.6E-02));
#2698 = VECTOR('',#2699,1.);
#2699 = DIRECTION('',(0.,0.,1.));
#2700 = ORIENTED_EDGE('',*,*,#1772,.F.);
#2701 = ORIENTED_EDGE('',*,*,#2695,.F.);
#2702 = CYLINDRICAL_SURFACE('',#2703,0.4);
#2703 = AXIS2_PLACEMENT_3D('',#2704,#2705,#2706);
#2704 = CARTESIAN_POINT('',(171.89,-125.,-4.6E-02));
#2705 = DIRECTION('',(-0.,-0.,-1.));
#2706 = DIRECTION('',(-0.,-1.,0.));
#2707 = ADVANCED_FACE('',(#2708),#2719,.F.);
#2708 = FACE_BOUND('',#2709,.T.);
#2709 = EDGE_LOOP('',(#2710,#2711,#2717,#2718));
#2710 = ORIENTED_EDGE('',*,*,#1150,.T.);
#2711 = ORIENTED_EDGE('',*,*,#2712,.T.);
#2712 = EDGE_CURVE('',#1151,#1784,#2713,.T.);
#2713 = LINE('',#2714,#2715);
#2714 = CARTESIAN_POINT('',(162.92,-115.35,-4.6E-02));
#2715 = VECTOR('',#2716,1.);
#2716 = DIRECTION('',(0.,0.,1.));
#2717 = ORIENTED_EDGE('',*,*,#1783,.F.);
#2718 = ORIENTED_EDGE('',*,*,#2712,.F.);
#2719 = CYLINDRICAL_SURFACE('',#2720,0.85);
#2720 = AXIS2_PLACEMENT_3D('',#2721,#2722,#2723);
#2721 = CARTESIAN_POINT('',(162.92,-114.5,-4.6E-02));
#2722 = DIRECTION('',(-0.,-0.,-1.));
#2723 = DIRECTION('',(-3.343730521224E-14,-1.,0.));
#2724 = ADVANCED_FACE('',(#2725),#2736,.F.);
#2725 = FACE_BOUND('',#2726,.T.);
#2726 = EDGE_LOOP('',(#2727,#2728,#2734,#2735));
#2727 = ORIENTED_EDGE('',*,*,#1161,.T.);
#2728 = ORIENTED_EDGE('',*,*,#2729,.T.);
#2729 = EDGE_CURVE('',#1162,#1795,#2730,.T.);
#2730 = LINE('',#2731,#2732);
#2731 = CARTESIAN_POINT('',(164.19,-112.71,-4.6E-02));
#2732 = VECTOR('',#2733,1.);
#2733 = DIRECTION('',(0.,0.,1.));
#2734 = ORIENTED_EDGE('',*,*,#1794,.F.);
#2735 = ORIENTED_EDGE('',*,*,#2729,.F.);
#2736 = CYLINDRICAL_SURFACE('',#2737,0.75);
#2737 = AXIS2_PLACEMENT_3D('',#2738,#2739,#2740);
#2738 = CARTESIAN_POINT('',(164.19,-111.96,-4.6E-02));
#2739 = DIRECTION('',(-0.,-0.,-1.));
#2740 = DIRECTION('',(-0.,-1.,0.));
#2741 = ADVANCED_FACE('',(#2742),#2753,.F.);
#2742 = FACE_BOUND('',#2743,.T.);
#2743 = EDGE_LOOP('',(#2744,#2745,#2751,#2752));
#2744 = ORIENTED_EDGE('',*,*,#1172,.T.);
#2745 = ORIENTED_EDGE('',*,*,#2746,.T.);
#2746 = EDGE_CURVE('',#1173,#1806,#2747,.T.);
#2747 = LINE('',#2748,#2749);
#2748 = CARTESIAN_POINT('',(168.,-116.5,-4.6E-02));
#2749 = VECTOR('',#2750,1.);
#2750 = DIRECTION('',(0.,0.,1.));
#2751 = ORIENTED_EDGE('',*,*,#1805,.F.);
#2752 = ORIENTED_EDGE('',*,*,#2746,.F.);
#2753 = CYLINDRICAL_SURFACE('',#2754,2.);
#2754 = AXIS2_PLACEMENT_3D('',#2755,#2756,#2757);
#2755 = CARTESIAN_POINT('',(168.,-114.5,-4.6E-02));
#2756 = DIRECTION('',(-0.,-0.,-1.));
#2757 = DIRECTION('',(-0.,-1.,0.));
#2758 = ADVANCED_FACE('',(#2759),#2770,.F.);
#2759 = FACE_BOUND('',#2760,.T.);
#2760 = EDGE_LOOP('',(#2761,#2762,#2768,#2769));
#2761 = ORIENTED_EDGE('',*,*,#1183,.T.);
#2762 = ORIENTED_EDGE('',*,*,#2763,.T.);
#2763 = EDGE_CURVE('',#1184,#1817,#2764,.T.);
#2764 = LINE('',#2765,#2766);
#2765 = CARTESIAN_POINT('',(173.08,-115.35,-4.6E-02));
#2766 = VECTOR('',#2767,1.);
#2767 = DIRECTION('',(0.,0.,1.));
#2768 = ORIENTED_EDGE('',*,*,#1816,.F.);
#2769 = ORIENTED_EDGE('',*,*,#2763,.F.);
#2770 = CYLINDRICAL_SURFACE('',#2771,0.85);
#2771 = AXIS2_PLACEMENT_3D('',#2772,#2773,#2774);
#2772 = CARTESIAN_POINT('',(173.08,-114.5,-4.6E-02));
#2773 = DIRECTION('',(-0.,0.,-1.));
#2774 = DIRECTION('',(3.343730521224E-14,-1.,-0.));
#2775 = ADVANCED_FACE('',(#2776),#2787,.F.);
#2776 = FACE_BOUND('',#2777,.T.);
#2777 = EDGE_LOOP('',(#2778,#2779,#2785,#2786));
#2778 = ORIENTED_EDGE('',*,*,#1194,.T.);
#2779 = ORIENTED_EDGE('',*,*,#2780,.T.);
#2780 = EDGE_CURVE('',#1195,#1828,#2781,.T.);
#2781 = LINE('',#2782,#2783);
#2782 = CARTESIAN_POINT('',(163.69,-106.4,-4.6E-02));
#2783 = VECTOR('',#2784,1.);
#2784 = DIRECTION('',(0.,0.,1.));
#2785 = ORIENTED_EDGE('',*,*,#1827,.F.);
#2786 = ORIENTED_EDGE('',*,*,#2780,.F.);
#2787 = CYLINDRICAL_SURFACE('',#2788,0.4);
#2788 = AXIS2_PLACEMENT_3D('',#2789,#2790,#2791);
#2789 = CARTESIAN_POINT('',(163.69,-106.,-4.6E-02));
#2790 = DIRECTION('',(-0.,-0.,-1.));
#2791 = DIRECTION('',(-0.,-1.,0.));
#2792 = ADVANCED_FACE('',(#2793),#2804,.F.);
#2793 = FACE_BOUND('',#2794,.T.);
#2794 = EDGE_LOOP('',(#2795,#2796,#2802,#2803));
#2795 = ORIENTED_EDGE('',*,*,#1205,.T.);
#2796 = ORIENTED_EDGE('',*,*,#2797,.T.);
#2797 = EDGE_CURVE('',#1206,#1839,#2798,.T.);
#2798 = LINE('',#2799,#2800);
#2799 = CARTESIAN_POINT('',(170.54,-110.17,-4.6E-02));
#2800 = VECTOR('',#2801,1.);
#2801 = DIRECTION('',(0.,0.,1.));
#2802 = ORIENTED_EDGE('',*,*,#1838,.F.);
#2803 = ORIENTED_EDGE('',*,*,#2797,.F.);
#2804 = CYLINDRICAL_SURFACE('',#2805,0.75);
#2805 = AXIS2_PLACEMENT_3D('',#2806,#2807,#2808);
#2806 = CARTESIAN_POINT('',(170.54,-109.42,-4.6E-02));
#2807 = DIRECTION('',(-0.,-0.,-1.));
#2808 = DIRECTION('',(-0.,-1.,0.));
#2809 = ADVANCED_FACE('',(#2810),#2821,.F.);
#2810 = FACE_BOUND('',#2811,.T.);
#2811 = EDGE_LOOP('',(#2812,#2813,#2819,#2820));
#2812 = ORIENTED_EDGE('',*,*,#1216,.T.);
#2813 = ORIENTED_EDGE('',*,*,#2814,.T.);
#2814 = EDGE_CURVE('',#1217,#1850,#2815,.T.);
#2815 = LINE('',#2816,#2817);
#2816 = CARTESIAN_POINT('',(171.31,-106.4,-4.6E-02));
#2817 = VECTOR('',#2818,1.);
#2818 = DIRECTION('',(0.,0.,1.));
#2819 = ORIENTED_EDGE('',*,*,#1849,.F.);
#2820 = ORIENTED_EDGE('',*,*,#2814,.F.);
#2821 = CYLINDRICAL_SURFACE('',#2822,0.4);
#2822 = AXIS2_PLACEMENT_3D('',#2823,#2824,#2825);
#2823 = CARTESIAN_POINT('',(171.31,-106.,-4.6E-02));
#2824 = DIRECTION('',(-0.,-0.,-1.));
#2825 = DIRECTION('',(-0.,-1.,0.));
#2826 = ( GEOMETRIC_REPRESENTATION_CONTEXT(3) 
GLOBAL_UNCERTAINTY_ASSIGNED_CONTEXT((#2830)) 
GLOBAL_UNIT_ASSIGNED_CONTEXT((#2827,#2828,#2829)) REPRESENTATION_CONTEXT
('Context #1','3D Context with UNIT and UNCERTAINTY') );
#2827 = ( LENGTH_UNIT() NAMED_UNIT(*) SI_UNIT(.MILLI.,.METRE.) );
#2828 = ( NAMED_UNIT(*) PLANE_ANGLE_UNIT() SI_UNIT($,.RADIAN.) );
#2829 = ( NAMED_UNIT(*) SI_UNIT($,.STERADIAN.) SOLID_ANGLE_UNIT() );
#2830 = UNCERTAINTY_MEASURE_WITH_UNIT(LENGTH_MEASURE(1.E-07),#2827,
  'distance_accuracy_value','confusion accuracy');
#2831 = CONTEXT_DEPENDENT_SHAPE_REPRESENTATION(#2832,#2834);
#2832 = ( REPRESENTATION_RELATIONSHIP('','',#491,#10) 
REPRESENTATION_RELATIONSHIP_WITH_TRANSFORMATION(#2833) 
SHAPE_REPRESENTATION_RELATIONSHIP() );
#2833 = ITEM_DEFINED_TRANSFORMATION('','',#11,#47);
#2834 = PRODUCT_DEFINITION_SHAPE('Placement','Placement of an item',
  #2835);
#2835 = NEXT_ASSEMBLY_USAGE_OCCURRENCE('10','=>[0:1:1:4]','',#5,#486,$);
#2836 = PRODUCT_RELATED_PRODUCT_CATEGORY('part',$,(#488));
#2837 = MECHANICAL_DESIGN_GEOMETRIC_PRESENTATION_REPRESENTATION('',(
    #2838),#2826);
#2838 = STYLED_ITEM('color',(#2839),#492);
#2839 = PRESENTATION_STYLE_ASSIGNMENT((#2840));
#2840 = SURFACE_STYLE_USAGE(.BOTH.,#2841);
#2841 = SURFACE_SIDE_STYLE('',(#2842));
#2842 = SURFACE_STYLE_FILL_AREA(#2843);
#2843 = FILL_AREA_STYLE('',(#2844));
#2844 = FILL_AREA_STYLE_COLOUR('',#2845);
#2845 = COLOUR_RGB('',0.313304153717,0.484529207832,0.410020903123);
#2846 = MECHANICAL_DESIGN_GEOMETRIC_PRESENTATION_REPRESENTATION('',(
    #2847,#2855,#2862,#2869,#2876,#2883,#2890,#2897,#2905,#2912,#2919,
    #2927,#2934,#2941,#2948,#2955),#438);
#2847 = STYLED_ITEM('color',(#2848),#90);
#2848 = PRESENTATION_STYLE_ASSIGNMENT((#2849));
#2849 = SURFACE_STYLE_USAGE(.BOTH.,#2850);
#2850 = SURFACE_SIDE_STYLE('',(#2851));
#2851 = SURFACE_STYLE_FILL_AREA(#2852);
#2852 = FILL_AREA_STYLE('',(#2853));
#2853 = FILL_AREA_STYLE_COLOUR('',#2854);
#2854 = COLOUR_RGB('',0.823999987314,0.819999987296,0.781000009244);
#2855 = STYLED_ITEM('color',(#2856),#123);
#2856 = PRESENTATION_STYLE_ASSIGNMENT((#2857));
#2857 = SURFACE_STYLE_USAGE(.BOTH.,#2858);
#2858 = SURFACE_SIDE_STYLE('',(#2859));
#2859 = SURFACE_STYLE_FILL_AREA(#2860);
#2860 = FILL_AREA_STYLE('',(#2861));
#2861 = FILL_AREA_STYLE_COLOUR('',#2854);
#2862 = STYLED_ITEM('color',(#2863),#149);
#2863 = PRESENTATION_STYLE_ASSIGNMENT((#2864));
#2864 = SURFACE_STYLE_USAGE(.BOTH.,#2865);
#2865 = SURFACE_SIDE_STYLE('',(#2866));
#2866 = SURFACE_STYLE_FILL_AREA(#2867);
#2867 = FILL_AREA_STYLE('',(#2868));
#2868 = FILL_AREA_STYLE_COLOUR('',#2854);
#2869 = STYLED_ITEM('color',(#2870),#174);
#2870 = PRESENTATION_STYLE_ASSIGNMENT((#2871));
#2871 = SURFACE_STYLE_USAGE(.BOTH.,#2872);
#2872 = SURFACE_SIDE_STYLE('',(#2873));
#2873 = SURFACE_STYLE_FILL_AREA(#2874);
#2874 = FILL_AREA_STYLE('',(#2875));
#2875 = FILL_AREA_STYLE_COLOUR('',#2854);
#2876 = STYLED_ITEM('color',(#2877),#200);
#2877 = PRESENTATION_STYLE_ASSIGNMENT((#2878));
#2878 = SURFACE_STYLE_USAGE(.BOTH.,#2879);
#2879 = SURFACE_SIDE_STYLE('',(#2880));
#2880 = SURFACE_STYLE_FILL_AREA(#2881);
#2881 = FILL_AREA_STYLE('',(#2882));
#2882 = FILL_AREA_STYLE_COLOUR('',#2854);
#2883 = STYLED_ITEM('color',(#2884),#225);
#2884 = PRESENTATION_STYLE_ASSIGNMENT((#2885));
#2885 = SURFACE_STYLE_USAGE(.BOTH.,#2886);
#2886 = SURFACE_SIDE_STYLE('',(#2887));
#2887 = SURFACE_STYLE_FILL_AREA(#2888);
#2888 = FILL_AREA_STYLE('',(#2889));
#2889 = FILL_AREA_STYLE_COLOUR('',#2854);
#2890 = STYLED_ITEM('color',(#2891),#234);
#2891 = PRESENTATION_STYLE_ASSIGNMENT((#2892));
#2892 = SURFACE_STYLE_USAGE(.BOTH.,#2893);
#2893 = SURFACE_SIDE_STYLE('',(#2894));
#2894 = SURFACE_STYLE_FILL_AREA(#2895);
#2895 = FILL_AREA_STYLE('',(#2896));
#2896 = FILL_AREA_STYLE_COLOUR('',#2854);
#2897 = STYLED_ITEM('color',(#2898),#245);
#2898 = PRESENTATION_STYLE_ASSIGNMENT((#2899));
#2899 = SURFACE_STYLE_USAGE(.BOTH.,#2900);
#2900 = SURFACE_SIDE_STYLE('',(#2901));
#2901 = SURFACE_STYLE_FILL_AREA(#2902);
#2902 = FILL_AREA_STYLE('',(#2903));
#2903 = FILL_AREA_STYLE_COLOUR('',#2904);
#2904 = COLOUR_RGB('',0.699999984889,9.999999991362E-02,
  5.000000142576E-02);
#2905 = STYLED_ITEM('color',(#2906),#278);
#2906 = PRESENTATION_STYLE_ASSIGNMENT((#2907));
#2907 = SURFACE_STYLE_USAGE(.BOTH.,#2908);
#2908 = SURFACE_SIDE_STYLE('',(#2909));
#2909 = SURFACE_STYLE_FILL_AREA(#2910);
#2910 = FILL_AREA_STYLE('',(#2911));
#2911 = FILL_AREA_STYLE_COLOUR('',#2904);
#2912 = STYLED_ITEM('color',(#2913),#298);
#2913 = PRESENTATION_STYLE_ASSIGNMENT((#2914));
#2914 = SURFACE_STYLE_USAGE(.BOTH.,#2915);
#2915 = SURFACE_SIDE_STYLE('',(#2916));
#2916 = SURFACE_STYLE_FILL_AREA(#2917);
#2917 = FILL_AREA_STYLE('',(#2918));
#2918 = FILL_AREA_STYLE_COLOUR('',#2904);
#2919 = STYLED_ITEM('color',(#2920),#318);
#2920 = PRESENTATION_STYLE_ASSIGNMENT((#2921));
#2921 = SURFACE_STYLE_USAGE(.BOTH.,#2922);
#2922 = SURFACE_SIDE_STYLE('',(#2923));
#2923 = SURFACE_STYLE_FILL_AREA(#2924);
#2924 = FILL_AREA_STYLE('',(#2925));
#2925 = FILL_AREA_STYLE_COLOUR('',#2926);
#2926 = COLOUR_RGB('',0.,0.631244006163,0.748016017657);
#2927 = STYLED_ITEM('color',(#2928),#343);
#2928 = PRESENTATION_STYLE_ASSIGNMENT((#2929));
#2929 = SURFACE_STYLE_USAGE(.BOTH.,#2930);
#2930 = SURFACE_SIDE_STYLE('',(#2931));
#2931 = SURFACE_STYLE_FILL_AREA(#2932);
#2932 = FILL_AREA_STYLE('',(#2933));
#2933 = FILL_AREA_STYLE_COLOUR('',#2926);
#2934 = STYLED_ITEM('color',(#2935),#368);
#2935 = PRESENTATION_STYLE_ASSIGNMENT((#2936));
#2936 = SURFACE_STYLE_USAGE(.BOTH.,#2937);
#2937 = SURFACE_SIDE_STYLE('',(#2938));
#2938 = SURFACE_STYLE_FILL_AREA(#2939);
#2939 = FILL_AREA_STYLE('',(#2940));
#2940 = FILL_AREA_STYLE_COLOUR('',#2926);
#2941 = STYLED_ITEM('color',(#2942),#394);
#2942 = PRESENTATION_STYLE_ASSIGNMENT((#2943));
#2943 = SURFACE_STYLE_USAGE(.BOTH.,#2944);
#2944 = SURFACE_SIDE_STYLE('',(#2945));
#2945 = SURFACE_STYLE_FILL_AREA(#2946);
#2946 = FILL_AREA_STYLE('',(#2947));
#2947 = FILL_AREA_STYLE_COLOUR('',#2926);
#2948 = STYLED_ITEM('color',(#2949),#420);
#2949 = PRESENTATION_STYLE_ASSIGNMENT((#2950));
#2950 = SURFACE_STYLE_USAGE(.BOTH.,#2951);
#2951 = SURFACE_SIDE_STYLE('',(#2952));
#2952 = SURFACE_STYLE_FILL_AREA(#2953);
#2953 = FILL_AREA_STYLE('',(#2954));
#2954 = FILL_AREA_STYLE_COLOUR('',#2926);
#2955 = STYLED_ITEM('color',(#2956),#429);
#2956 = PRESENTATION_STYLE_ASSIGNMENT((#2957));
#2957 = SURFACE_STYLE_USAGE(.BOTH.,#2958);
#2958 = SURFACE_SIDE_STYLE('',(#2959));
#2959 = SURFACE_STYLE_FILL_AREA(#2960);
#2960 = FILL_AREA_STYLE('',(#2961));
#2961 = FILL_AREA_STYLE_COLOUR('',#2926);
ENDSEC;
END-ISO-10303-21;
